-- phpMyAdmin SQL Dump
-- version 4.5.1
-- http://www.phpmyadmin.net
--
-- Host: 127.0.0.1
-- Generation Time: May 02, 2017 at 01:09 PM
-- Server version: 10.1.19-MariaDB
-- PHP Version: 5.6.28

SET SQL_MODE = "NO_AUTO_VALUE_ON_ZERO";
SET time_zone = "+00:00";


/*!40101 SET @OLD_CHARACTER_SET_CLIENT=@@CHARACTER_SET_CLIENT */;
/*!40101 SET @OLD_CHARACTER_SET_RESULTS=@@CHARACTER_SET_RESULTS */;
/*!40101 SET @OLD_COLLATION_CONNECTION=@@COLLATION_CONNECTION */;
/*!40101 SET NAMES utf8mb4 */;

--
-- Database: `work_c21`
--

DELIMITER $$
--
-- Procedures
--
CREATE DEFINER=`root`@`localhost` PROCEDURE `get_order_total` (IN `order_id` INT, OUT `tot` FLOAT)  BEGIN
select total into tot from c21_orders
where id=order_id;
END$$

CREATE DEFINER=`root`@`localhost` PROCEDURE `get_total` (IN `order_id` INT(11))  BEGIN
  select  id, total, customer_id from c21_orders where id= order_id;
END$$

DELIMITER ;

-- --------------------------------------------------------

--
-- Table structure for table `c21_categories`
--

CREATE TABLE `c21_categories` (
  `id` int(11) NOT NULL,
  `name` varchar(100) NOT NULL,
  `desc` text,
  `arabic` varchar(255) NOT NULL
) ENGINE=InnoDB DEFAULT CHARSET=utf8;

--
-- Dumping data for table `c21_categories`
--

INSERT INTO `c21_categories` (`id`, `name`, `desc`, `arabic`) VALUES
(1, 'Breakfast', NULL, 'وجبات الافطار'),
(2, 'Appetizers', NULL, 'المقبلات'),
(3, 'Salads', NULL, 'السلطات'),
(4, 'Soups', NULL, 'الشوربة'),
(5, 'Pasta', NULL, 'المكرونة'),
(6, 'Main Courses', NULL, 'الوجبات الرئيسية'),
(7, 'Sticks', NULL, 'ستبك'),
(8, 'Sandwiches', NULL, 'ساندوتشات'),
(9, 'Our Home Made Burger', NULL, 'برجر بيتي'),
(10, 'Pizza', NULL, 'بيتزا'),
(11, 'Hot Coffee', NULL, 'قهوة ساخنة'),
(12, 'Iced Coffee', NULL, 'قهوة باردة'),
(13, 'Tea', NULL, 'شاي'),
(14, 'Others', NULL, 'مشروبات اخرى'),
(15, 'Fresh juices', NULL, 'عصائر طبيعية'),
(16, 'Cocktails', NULL, 'الكوكتيلات'),
(17, 'Shakes', NULL, 'ميلك شيك'),
(18, 'Soft Drinks', NULL, 'مشروبات'),
(19, 'Desserts', NULL, 'حلويات');

-- --------------------------------------------------------

--
-- Table structure for table `c21_ci_sessions`
--

CREATE TABLE `c21_ci_sessions` (
  `id` varchar(128) NOT NULL,
  `ip_address` varchar(45) NOT NULL,
  `timestamp` int(10) UNSIGNED NOT NULL DEFAULT '0',
  `data` blob NOT NULL
) ENGINE=InnoDB DEFAULT CHARSET=utf8;

--
-- Dumping data for table `c21_ci_sessions`
--

INSERT INTO `c21_ci_sessions` (`id`, `ip_address`, `timestamp`, `data`) VALUES
('77cb8ea6605e36c6caf902e8dc541618e3c85cbb', '127.0.0.1', 1493235343, 0x5f5f63695f6c6173745f726567656e65726174657c693a313439333233353334333b),
('0ud252hkl6cln6agfmopf5l77157aoqh', '::1', 1493235361, 0x5f5f63695f6c6173745f726567656e65726174657c693a313439333233353334383b69647c733a313a2239223b6e616d657c733a343a2231313131223b757365726e616d657c733a313a2231223b70617373776f72647c733a33323a226334636134323338613062393233383230646363353039613666373538343962223b726f6c657c733a373a2263616368696572223b70686f6e657c733a303a22223b69735f6c6f676765645f696e7c623a313b73686966745f69647c733a313a2231223b),
('nstaoopgcc3lr8hnnm4gf2gm8beqrs1d', '::1', 1493235416, 0x5f5f63695f6c6173745f726567656e65726174657c693a313439333233353339393b69647c733a313a2239223b6e616d657c733a343a2231313131223b757365726e616d657c733a313a2231223b70617373776f72647c733a33323a226334636134323338613062393233383230646363353039613666373538343962223b726f6c657c733a373a2263616368696572223b70686f6e657c733a303a22223b69735f6c6f676765645f696e7c623a313b73686966745f69647c733a313a2231223b),
('k03a84tmnjnh3m5ju1nh8dsp9a9taoja', '::1', 1493235555, 0x5f5f63695f6c6173745f726567656e65726174657c693a313439333233353533313b69647c733a313a2239223b6e616d657c733a343a2231313131223b757365726e616d657c733a313a2231223b70617373776f72647c733a33323a226334636134323338613062393233383230646363353039613666373538343962223b726f6c657c733a373a2263616368696572223b70686f6e657c733a303a22223b69735f6c6f676765645f696e7c623a313b73686966745f69647c733a313a2231223b),
('bfv1g8vvd066iu2qic1vtpp8ogfn2g1v', '::1', 1493255926, 0x5f5f63695f6c6173745f726567656e65726174657c693a313439333235353833373b69647c733a313a2239223b6e616d657c733a343a2231313131223b757365726e616d657c733a313a2231223b70617373776f72647c733a33323a226334636134323338613062393233383230646363353039613666373538343962223b726f6c657c733a373a2263616368696572223b70686f6e657c733a303a22223b69735f6c6f676765645f696e7c623a313b73686966745f69647c733a313a2231223b),
('56ba234a7ef7108cc24272eaf51ef987b8271f55', '127.0.0.1', 1493255870, 0x5f5f63695f6c6173745f726567656e65726174657c693a313439333235353837303b),
('6i89o9241dekm8hvrt06g6l3549vbtnm', '::1', 1493255885, 0x5f5f63695f6c6173745f726567656e65726174657c693a313439333235353837343b69647c733a313a2239223b6e616d657c733a343a2231313131223b757365726e616d657c733a313a2231223b70617373776f72647c733a33323a226334636134323338613062393233383230646363353039613666373538343962223b726f6c657c733a373a2263616368696572223b70686f6e657c733a303a22223b69735f6c6f676765645f696e7c623a313b73686966745f69647c733a313a2231223b),
('u54pupbrtre8r2epre6n562qcoj6leiq', '::1', 1493262927, 0x5f5f63695f6c6173745f726567656e65726174657c693a313439333235393239313b69647c733a313a2239223b6e616d657c733a343a2231313131223b757365726e616d657c733a313a2231223b70617373776f72647c733a33323a226334636134323338613062393233383230646363353039613666373538343962223b726f6c657c733a373a2263616368696572223b70686f6e657c733a303a22223b69735f6c6f676765645f696e7c623a313b73686966745f69647c733a313a2231223b),
('297ie8uvlrjtjrkjl78qa32bbf8pg45a', '::1', 1493263148, 0x5f5f63695f6c6173745f726567656e65726174657c693a313439333236323935383b69647c733a313a2239223b6e616d657c733a343a2231313131223b757365726e616d657c733a313a2231223b70617373776f72647c733a33323a226334636134323338613062393233383230646363353039613666373538343962223b726f6c657c733a373a2263616368696572223b70686f6e657c733a303a22223b69735f6c6f676765645f696e7c623a313b73686966745f69647c733a313a2231223b),
('1vqdaqoft0q7bacamjfc5hci5vvq0bdq', '::1', 1493263726, 0x5f5f63695f6c6173745f726567656e65726174657c693a313439333236333435303b69647c733a313a2239223b6e616d657c733a343a2231313131223b757365726e616d657c733a313a2231223b70617373776f72647c733a33323a226334636134323338613062393233383230646363353039613666373538343962223b726f6c657c733a373a2263616368696572223b70686f6e657c733a303a22223b69735f6c6f676765645f696e7c623a313b73686966745f69647c733a313a2231223b),
('2kisp2rdi6o3svrmac4vs4beeq4atosh', '::1', 1493264319, 0x5f5f63695f6c6173745f726567656e65726174657c693a313439333236343032373b69647c733a313a2239223b6e616d657c733a343a2231313131223b757365726e616d657c733a313a2231223b70617373776f72647c733a33323a226334636134323338613062393233383230646363353039613666373538343962223b726f6c657c733a373a2263616368696572223b70686f6e657c733a303a22223b69735f6c6f676765645f696e7c623a313b73686966745f69647c733a313a2231223b),
('3jh436ugnmme8tciorgjbmpsptcv1rip', '::1', 1493325611, 0x5f5f63695f6c6173745f726567656e65726174657c693a313439333332353438363b69647c733a313a2239223b6e616d657c733a343a2231313131223b757365726e616d657c733a313a2231223b70617373776f72647c733a33323a226334636134323338613062393233383230646363353039613666373538343962223b726f6c657c733a373a2263616368696572223b70686f6e657c733a303a22223b69735f6c6f676765645f696e7c623a313b73686966745f69647c733a313a2231223b),
('gk3a0okb03dg0s7u3noej3brd7mbrc43', '::1', 1493326217, 0x5f5f63695f6c6173745f726567656e65726174657c693a313439333332363035373b69647c733a313a2239223b6e616d657c733a343a2231313131223b757365726e616d657c733a313a2231223b70617373776f72647c733a33323a226334636134323338613062393233383230646363353039613666373538343962223b726f6c657c733a373a2263616368696572223b70686f6e657c733a303a22223b69735f6c6f676765645f696e7c623a313b73686966745f69647c733a313a2231223b),
('ehee5jqih7fetjcls8cnopkaj0173m01', '::1', 1493326480, 0x5f5f63695f6c6173745f726567656e65726174657c693a313439333332363437343b69647c733a313a2239223b6e616d657c733a343a2231313131223b757365726e616d657c733a313a2231223b70617373776f72647c733a33323a226334636134323338613062393233383230646363353039613666373538343962223b726f6c657c733a373a2263616368696572223b70686f6e657c733a303a22223b69735f6c6f676765645f696e7c623a313b73686966745f69647c733a313a2231223b),
('dlbjv903movdtkdn67gao5c5l3419nt7', '::1', 1493327093, 0x5f5f63695f6c6173745f726567656e65726174657c693a313439333332363830323b69647c733a313a2239223b6e616d657c733a343a2231313131223b757365726e616d657c733a313a2231223b70617373776f72647c733a33323a226334636134323338613062393233383230646363353039613666373538343962223b726f6c657c733a373a2263616368696572223b70686f6e657c733a303a22223b69735f6c6f676765645f696e7c623a313b73686966745f69647c733a313a2231223b),
('4ugpspgu19k7cip9uou490q5kf3ufgtd', '::1', 1493327609, 0x5f5f63695f6c6173745f726567656e65726174657c693a313439333332373336363b69647c733a313a2239223b6e616d657c733a343a2231313131223b757365726e616d657c733a313a2231223b70617373776f72647c733a33323a226334636134323338613062393233383230646363353039613666373538343962223b726f6c657c733a373a2263616368696572223b70686f6e657c733a303a22223b69735f6c6f676765645f696e7c623a313b73686966745f69647c733a313a2231223b),
('9mi4hcf5a09u9dcp0oj6fk8hc4u9bk10', '::1', 1493327886, 0x5f5f63695f6c6173745f726567656e65726174657c693a313439333332373736373b69647c733a313a2239223b6e616d657c733a343a2231313131223b757365726e616d657c733a313a2231223b70617373776f72647c733a33323a226334636134323338613062393233383230646363353039613666373538343962223b726f6c657c733a373a2263616368696572223b70686f6e657c733a303a22223b69735f6c6f676765645f696e7c623a313b73686966745f69647c733a313a2231223b),
('k17teig8ckfj65uu3173esg8iq0piv8a', '::1', 1493332280, 0x5f5f63695f6c6173745f726567656e65726174657c693a313439333333323232373b69647c733a313a2239223b6e616d657c733a343a2231313131223b757365726e616d657c733a313a2231223b70617373776f72647c733a33323a226334636134323338613062393233383230646363353039613666373538343962223b726f6c657c733a373a2263616368696572223b70686f6e657c733a303a22223b69735f6c6f676765645f696e7c623a313b73686966745f69647c733a313a2231223b),
('jhjtcrukdh4t2pc82b17n47oco5ho01j', '::1', 1493332794, 0x5f5f63695f6c6173745f726567656e65726174657c693a313439333333323532393b69647c733a313a2239223b6e616d657c733a343a2231313131223b757365726e616d657c733a313a2231223b70617373776f72647c733a33323a226334636134323338613062393233383230646363353039613666373538343962223b726f6c657c733a373a2263616368696572223b70686f6e657c733a303a22223b69735f6c6f676765645f696e7c623a313b73686966745f69647c733a313a2231223b),
('kuv5mk3vsufdhn0q3kae7hjot16k00g0', '::1', 1493333139, 0x5f5f63695f6c6173745f726567656e65726174657c693a313439333333323833373b69647c733a313a2239223b6e616d657c733a343a2231313131223b757365726e616d657c733a313a2231223b70617373776f72647c733a33323a226334636134323338613062393233383230646363353039613666373538343962223b726f6c657c733a373a2263616368696572223b70686f6e657c733a303a22223b69735f6c6f676765645f696e7c623a313b73686966745f69647c733a313a2231223b),
('9f03l4e1m5llc0jpq2pb8ila7vhcemuq', '::1', 1493333360, 0x5f5f63695f6c6173745f726567656e65726174657c693a313439333333333135353b69647c733a313a2239223b6e616d657c733a343a2231313131223b757365726e616d657c733a313a2231223b70617373776f72647c733a33323a226334636134323338613062393233383230646363353039613666373538343962223b726f6c657c733a373a2263616368696572223b70686f6e657c733a303a22223b69735f6c6f676765645f696e7c623a313b73686966745f69647c733a313a2231223b),
('48ibip65rkqg56dho7t94r5drmm5otl9', '::1', 1493419878, 0x5f5f63695f6c6173745f726567656e65726174657c693a313439333431393837373b),
('aja6tb0fd251gem3n1ivapum0urtpp21', '::1', 1493419888, 0x5f5f63695f6c6173745f726567656e65726174657c693a313439333431393838383b),
('fm6dif4vmb1e0nmp1gmggabm0v8391ri', '::1', 1493419888, 0x5f5f63695f6c6173745f726567656e65726174657c693a313439333431393838383b),
('h3pr9nrhvebh3l6l4p63gm8fvin2ulk4', '::1', 1493470045, 0x5f5f63695f6c6173745f726567656e65726174657c693a313439333437303034353b),
('6hvnsk32bf9g1lent4t63s5jv2rk1h3q', '::1', 1493470531, 0x5f5f63695f6c6173745f726567656e65726174657c693a313439333437303433343b69647c733a313a2239223b6e616d657c733a343a2231313131223b757365726e616d657c733a313a2231223b70617373776f72647c733a33323a226334636134323338613062393233383230646363353039613666373538343962223b726f6c657c733a373a2263616368696572223b70686f6e657c733a303a22223b69735f6c6f676765645f696e7c623a313b73686966745f69647c733a313a2231223b),
('f3aocms2d4h11o8kvv17m4gobsqoohbv', '::1', 1493471241, 0x5f5f63695f6c6173745f726567656e65726174657c693a313439333437303935343b69647c733a313a2239223b6e616d657c733a343a2231313131223b757365726e616d657c733a313a2231223b70617373776f72647c733a33323a226334636134323338613062393233383230646363353039613666373538343962223b726f6c657c733a373a2263616368696572223b70686f6e657c733a303a22223b69735f6c6f676765645f696e7c623a313b73686966745f69647c733a313a2231223b),
('t7ejancce78c1jfg6buq2h9aug22eqrs', '::1', 1493471396, 0x5f5f63695f6c6173745f726567656e65726174657c693a313439333437313339363b69647c733a313a2239223b6e616d657c733a343a2231313131223b757365726e616d657c733a313a2231223b70617373776f72647c733a33323a226334636134323338613062393233383230646363353039613666373538343962223b726f6c657c733a373a2263616368696572223b70686f6e657c733a303a22223b69735f6c6f676765645f696e7c623a313b73686966745f69647c733a313a2231223b),
('jt5gqilh50l9akl8gsqp9u83mbjhck0r', '::1', 1493471890, 0x5f5f63695f6c6173745f726567656e65726174657c693a313439333437313734313b69647c733a313a2239223b6e616d657c733a343a2231313131223b757365726e616d657c733a313a2231223b70617373776f72647c733a33323a226334636134323338613062393233383230646363353039613666373538343962223b726f6c657c733a373a2263616368696572223b70686f6e657c733a303a22223b69735f6c6f676765645f696e7c623a313b73686966745f69647c733a313a2231223b),
('2bovsbolv8jc8ngbpovuqgs7bd59ouh9', '::1', 1493472347, 0x5f5f63695f6c6173745f726567656e65726174657c693a313439333437323235313b69647c733a313a2239223b6e616d657c733a343a2231313131223b757365726e616d657c733a313a2231223b70617373776f72647c733a33323a226334636134323338613062393233383230646363353039613666373538343962223b726f6c657c733a373a2263616368696572223b70686f6e657c733a303a22223b69735f6c6f676765645f696e7c623a313b73686966745f69647c733a313a2231223b),
('q941ueagf7ok4kklk37tp89u6530qdov', '::1', 1493472712, 0x5f5f63695f6c6173745f726567656e65726174657c693a313439333437323538303b69647c733a313a2239223b6e616d657c733a343a2231313131223b757365726e616d657c733a313a2231223b70617373776f72647c733a33323a226334636134323338613062393233383230646363353039613666373538343962223b726f6c657c733a373a2263616368696572223b70686f6e657c733a303a22223b69735f6c6f676765645f696e7c623a313b73686966745f69647c733a313a2231223b),
('fsv7i7nnuij8oip9o1ctrdn7jhgq99g9', '::1', 1493476301, 0x5f5f63695f6c6173745f726567656e65726174657c693a313439333437363030313b69647c733a313a2239223b6e616d657c733a343a2231313131223b757365726e616d657c733a313a2231223b70617373776f72647c733a33323a226334636134323338613062393233383230646363353039613666373538343962223b726f6c657c733a373a2263616368696572223b70686f6e657c733a303a22223b69735f6c6f676765645f696e7c623a313b73686966745f69647c733a313a2231223b),
('kifde1mi1j4mafigkja9mffcptsc1v9s', '::1', 1493476412, 0x5f5f63695f6c6173745f726567656e65726174657c693a313439333437363333393b69647c733a313a2239223b6e616d657c733a343a2231313131223b757365726e616d657c733a313a2231223b70617373776f72647c733a33323a226334636134323338613062393233383230646363353039613666373538343962223b726f6c657c733a373a2263616368696572223b70686f6e657c733a303a22223b69735f6c6f676765645f696e7c623a313b73686966745f69647c733a313a2231223b),
('kgtgllciq0suh6fupbvkk8rmc1rda6b8', '::1', 1493477130, 0x5f5f63695f6c6173745f726567656e65726174657c693a313439333437363836333b69647c733a313a2239223b6e616d657c733a343a2231313131223b757365726e616d657c733a313a2231223b70617373776f72647c733a33323a226334636134323338613062393233383230646363353039613666373538343962223b726f6c657c733a373a2263616368696572223b70686f6e657c733a303a22223b69735f6c6f676765645f696e7c623a313b73686966745f69647c733a313a2231223b),
('hatbcv3rpubirs77ib8el217em87rmko', '::1', 1493477300, 0x5f5f63695f6c6173745f726567656e65726174657c693a313439333437373232313b69647c733a313a2239223b6e616d657c733a343a2231313131223b757365726e616d657c733a313a2231223b70617373776f72647c733a33323a226334636134323338613062393233383230646363353039613666373538343962223b726f6c657c733a373a2263616368696572223b70686f6e657c733a303a22223b69735f6c6f676765645f696e7c623a313b73686966745f69647c733a313a2231223b),
('gem51o12pg9ma6bj9fe5gecf1332c67v', '::1', 1493478098, 0x5f5f63695f6c6173745f726567656e65726174657c693a313439333437383030363b69647c733a313a2239223b6e616d657c733a343a2231313131223b757365726e616d657c733a313a2231223b70617373776f72647c733a33323a226334636134323338613062393233383230646363353039613666373538343962223b726f6c657c733a373a2263616368696572223b70686f6e657c733a303a22223b69735f6c6f676765645f696e7c623a313b73686966745f69647c733a313a2231223b),
('5uc50at9el6mu9osjlph5obo7khktum9', '::1', 1493481330, 0x5f5f63695f6c6173745f726567656e65726174657c693a313439333438313132353b69647c733a313a2239223b6e616d657c733a343a2231313131223b757365726e616d657c733a313a2231223b70617373776f72647c733a33323a226334636134323338613062393233383230646363353039613666373538343962223b726f6c657c733a373a2263616368696572223b70686f6e657c733a303a22223b69735f6c6f676765645f696e7c623a313b73686966745f69647c733a313a2231223b),
('uhlr1qoqao5o63t4afp0d1plo52dkp5d', '::1', 1493482227, 0x5f5f63695f6c6173745f726567656e65726174657c693a313439333438313936333b69647c733a313a2239223b6e616d657c733a343a2231313131223b757365726e616d657c733a313a2231223b70617373776f72647c733a33323a226334636134323338613062393233383230646363353039613666373538343962223b726f6c657c733a373a2263616368696572223b70686f6e657c733a303a22223b69735f6c6f676765645f696e7c623a313b73686966745f69647c733a313a2231223b),
('89tftvtiepeth210f8eidh6nc1oonb20', '::1', 1493482540, 0x5f5f63695f6c6173745f726567656e65726174657c693a313439333438323330343b69647c733a313a2239223b6e616d657c733a343a2231313131223b757365726e616d657c733a313a2231223b70617373776f72647c733a33323a226334636134323338613062393233383230646363353039613666373538343962223b726f6c657c733a373a2263616368696572223b70686f6e657c733a303a22223b69735f6c6f676765645f696e7c623a313b73686966745f69647c733a313a2231223b),
('cd2onj36htjedd6n8bqblgnu56fihb87', '::1', 1493483816, 0x5f5f63695f6c6173745f726567656e65726174657c693a313439333438333831363b69647c733a313a2239223b6e616d657c733a343a2231313131223b757365726e616d657c733a313a2231223b70617373776f72647c733a33323a226334636134323338613062393233383230646363353039613666373538343962223b726f6c657c733a373a2263616368696572223b70686f6e657c733a303a22223b69735f6c6f676765645f696e7c623a313b73686966745f69647c733a313a2231223b),
('n8dthnnjl1rrclu89cq6np7mkimq3t71', '::1', 1493484254, 0x5f5f63695f6c6173745f726567656e65726174657c693a313439333438343235333b69647c733a313a2239223b6e616d657c733a343a2231313131223b757365726e616d657c733a313a2231223b70617373776f72647c733a33323a226334636134323338613062393233383230646363353039613666373538343962223b726f6c657c733a373a2263616368696572223b70686f6e657c733a303a22223b69735f6c6f676765645f696e7c623a313b73686966745f69647c733a313a2231223b),
('ud5m72n4em4quqstoeobn2449k3uklik', '::1', 1493502351, 0x5f5f63695f6c6173745f726567656e65726174657c693a313439333530323136313b69647c733a313a2239223b6e616d657c733a343a2231313131223b757365726e616d657c733a313a2231223b70617373776f72647c733a33323a226334636134323338613062393233383230646363353039613666373538343962223b726f6c657c733a373a2263616368696572223b70686f6e657c733a303a22223b69735f6c6f676765645f696e7c623a313b73686966745f69647c733a313a2231223b),
('o5bsojhm8p6mghc62qairtc5jgbk63c7', '::1', 1493502639, 0x5f5f63695f6c6173745f726567656e65726174657c693a313439333530323437383b69647c733a313a2239223b6e616d657c733a343a2231313131223b757365726e616d657c733a313a2231223b70617373776f72647c733a33323a226334636134323338613062393233383230646363353039613666373538343962223b726f6c657c733a373a2263616368696572223b70686f6e657c733a303a22223b69735f6c6f676765645f696e7c623a313b73686966745f69647c733a313a2231223b),
('2isd8a3fhc9eku52q9h5ltqlcar6fquu', '::1', 1493503061, 0x5f5f63695f6c6173745f726567656e65726174657c693a313439333530333032383b69647c733a313a2239223b6e616d657c733a343a2231313131223b757365726e616d657c733a313a2231223b70617373776f72647c733a33323a226334636134323338613062393233383230646363353039613666373538343962223b726f6c657c733a373a2263616368696572223b70686f6e657c733a303a22223b69735f6c6f676765645f696e7c623a313b73686966745f69647c733a313a2231223b),
('9ncthks9p4kf7l84pi8u2mhihc24pma4', '::1', 1493509074, 0x5f5f63695f6c6173745f726567656e65726174657c693a313439333530383834303b69647c733a313a2239223b6e616d657c733a343a2231313131223b757365726e616d657c733a313a2231223b70617373776f72647c733a33323a226334636134323338613062393233383230646363353039613666373538343962223b726f6c657c733a373a2263616368696572223b70686f6e657c733a303a22223b69735f6c6f676765645f696e7c623a313b73686966745f69647c733a313a2231223b),
('l45kul286etq4qu4ssqph22ussfp7rfl', '::1', 1493510019, 0x5f5f63695f6c6173745f726567656e65726174657c693a313439333530393733373b69647c733a313a2239223b6e616d657c733a343a2231313131223b757365726e616d657c733a313a2231223b70617373776f72647c733a33323a226334636134323338613062393233383230646363353039613666373538343962223b726f6c657c733a373a2263616368696572223b70686f6e657c733a303a22223b69735f6c6f676765645f696e7c623a313b73686966745f69647c733a313a2231223b),
('sleidmt5lg9tek8d0edvpm9unkj6d6om', '::1', 1493510239, 0x5f5f63695f6c6173745f726567656e65726174657c693a313439333531303133303b69647c733a313a2239223b6e616d657c733a343a2231313131223b757365726e616d657c733a313a2231223b70617373776f72647c733a33323a226334636134323338613062393233383230646363353039613666373538343962223b726f6c657c733a373a2263616368696572223b70686f6e657c733a303a22223b69735f6c6f676765645f696e7c623a313b73686966745f69647c733a313a2231223b),
('n8879rct2vrho1917duccut5qpts7n58', '::1', 1493510594, 0x5f5f63695f6c6173745f726567656e65726174657c693a313439333531303436363b69647c733a313a2239223b6e616d657c733a343a2231313131223b757365726e616d657c733a313a2231223b70617373776f72647c733a33323a226334636134323338613062393233383230646363353039613666373538343962223b726f6c657c733a373a2263616368696572223b70686f6e657c733a303a22223b69735f6c6f676765645f696e7c623a313b73686966745f69647c733a313a2231223b),
('8ovjt5ev9kgat3nrlmsbh8db3h5itr0m', '::1', 1493552774, 0x5f5f63695f6c6173745f726567656e65726174657c693a313439333535323635303b69647c733a313a2239223b6e616d657c733a343a2231313131223b757365726e616d657c733a313a2231223b70617373776f72647c733a33323a226334636134323338613062393233383230646363353039613666373538343962223b726f6c657c733a373a2263616368696572223b70686f6e657c733a303a22223b69735f6c6f676765645f696e7c623a313b73686966745f69647c733a313a2231223b),
('b3kp6eo1volrlcve6b1ilprgl0ak4r0e', '::1', 1493559392, 0x5f5f63695f6c6173745f726567656e65726174657c693a313439333535393330343b69647c733a313a2239223b6e616d657c733a343a2231313131223b757365726e616d657c733a313a2231223b70617373776f72647c733a33323a226334636134323338613062393233383230646363353039613666373538343962223b726f6c657c733a373a2263616368696572223b70686f6e657c733a303a22223b69735f6c6f676765645f696e7c623a313b73686966745f69647c733a313a2231223b),
('qtotieq14pj5hm13v2ppkt8mjl9g1li4', '::1', 1493561959, 0x5f5f63695f6c6173745f726567656e65726174657c693a313439333536313734353b69647c733a313a2239223b6e616d657c733a343a2231313131223b757365726e616d657c733a313a2231223b70617373776f72647c733a33323a226334636134323338613062393233383230646363353039613666373538343962223b726f6c657c733a373a2263616368696572223b70686f6e657c733a303a22223b69735f6c6f676765645f696e7c623a313b73686966745f69647c733a313a2231223b),
('mm87u9t86dnvpsqlple3pqigf22g72ar', '::1', 1493562138, 0x5f5f63695f6c6173745f726567656e65726174657c693a313439333536323133383b69647c733a313a2239223b6e616d657c733a343a2231313131223b757365726e616d657c733a313a2231223b70617373776f72647c733a33323a226334636134323338613062393233383230646363353039613666373538343962223b726f6c657c733a373a2263616368696572223b70686f6e657c733a303a22223b69735f6c6f676765645f696e7c623a313b73686966745f69647c733a313a2231223b),
('l2te93uta6683cmuvtdq6g3pmbeskucq', '::1', 1493565613, 0x5f5f63695f6c6173745f726567656e65726174657c693a313439333536353335383b69647c733a313a2239223b6e616d657c733a343a2231313131223b757365726e616d657c733a313a2231223b70617373776f72647c733a33323a226334636134323338613062393233383230646363353039613666373538343962223b726f6c657c733a373a2263616368696572223b70686f6e657c733a303a22223b69735f6c6f676765645f696e7c623a313b73686966745f69647c733a313a2231223b),
('irdtceogdbbrsqv6fhu43drhkkve6bc7', '::1', 1493566291, 0x5f5f63695f6c6173745f726567656e65726174657c693a313439333536363138343b69647c733a313a2239223b6e616d657c733a343a2231313131223b757365726e616d657c733a313a2231223b70617373776f72647c733a33323a226334636134323338613062393233383230646363353039613666373538343962223b726f6c657c733a373a2263616368696572223b70686f6e657c733a303a22223b69735f6c6f676765645f696e7c623a313b73686966745f69647c733a313a2231223b),
('6omt2g11cigpj3g9h1bgudrei1bj6f8q', '::1', 1493567102, 0x5f5f63695f6c6173745f726567656e65726174657c693a313439333536363931363b69647c733a313a2239223b6e616d657c733a343a2231313131223b757365726e616d657c733a313a2231223b70617373776f72647c733a33323a226334636134323338613062393233383230646363353039613666373538343962223b726f6c657c733a373a2263616368696572223b70686f6e657c733a303a22223b69735f6c6f676765645f696e7c623a313b73686966745f69647c733a313a2231223b),
('hehslukde3d4g46gd2od21drm8aqq9tl', '::1', 1493567284, 0x5f5f63695f6c6173745f726567656e65726174657c693a313439333536373238343b69647c733a313a2239223b6e616d657c733a343a2231313131223b757365726e616d657c733a313a2231223b70617373776f72647c733a33323a226334636134323338613062393233383230646363353039613666373538343962223b726f6c657c733a373a2263616368696572223b70686f6e657c733a303a22223b69735f6c6f676765645f696e7c623a313b73686966745f69647c733a313a2231223b),
('o9qcchkeotjiecn10vmk3he8br0cpa0e', '::1', 1493568199, 0x5f5f63695f6c6173745f726567656e65726174657c693a313439333536383031343b69647c733a313a2239223b6e616d657c733a343a2231313131223b757365726e616d657c733a313a2231223b70617373776f72647c733a33323a226334636134323338613062393233383230646363353039613666373538343962223b726f6c657c733a373a2263616368696572223b70686f6e657c733a303a22223b69735f6c6f676765645f696e7c623a313b73686966745f69647c733a313a2231223b),
('bhih2v920p6d9b4h8imc4vjkplshfin4', '::1', 1493568384, 0x5f5f63695f6c6173745f726567656e65726174657c693a313439333536383336333b69647c733a313a2239223b6e616d657c733a343a2231313131223b757365726e616d657c733a313a2231223b70617373776f72647c733a33323a226334636134323338613062393233383230646363353039613666373538343962223b726f6c657c733a373a2263616368696572223b70686f6e657c733a303a22223b69735f6c6f676765645f696e7c623a313b73686966745f69647c733a313a2231223b),
('gkp5bplnp2cq0dbc45qfcnmtl0ig7q0q', '::1', 1493569422, 0x5f5f63695f6c6173745f726567656e65726174657c693a313439333536393338353b69647c733a313a2239223b6e616d657c733a343a2231313131223b757365726e616d657c733a313a2231223b70617373776f72647c733a33323a226334636134323338613062393233383230646363353039613666373538343962223b726f6c657c733a373a2263616368696572223b70686f6e657c733a303a22223b69735f6c6f676765645f696e7c623a313b73686966745f69647c733a313a2231223b),
('qnk6862t3bap4mdegjtfkc7k809elspr', '::1', 1493570127, 0x5f5f63695f6c6173745f726567656e65726174657c693a313439333536393834343b69647c733a313a2239223b6e616d657c733a343a2231313131223b757365726e616d657c733a313a2231223b70617373776f72647c733a33323a226334636134323338613062393233383230646363353039613666373538343962223b726f6c657c733a373a2263616368696572223b70686f6e657c733a303a22223b69735f6c6f676765645f696e7c623a313b73686966745f69647c733a313a2231223b),
('qg0e6kbvl26dmugb75muugvmbb5mo6l7', '::1', 1493570198, 0x5f5f63695f6c6173745f726567656e65726174657c693a313439333537303139383b69647c733a313a2239223b6e616d657c733a343a2231313131223b757365726e616d657c733a313a2231223b70617373776f72647c733a33323a226334636134323338613062393233383230646363353039613666373538343962223b726f6c657c733a373a2263616368696572223b70686f6e657c733a303a22223b69735f6c6f676765645f696e7c623a313b73686966745f69647c733a313a2231223b),
('ut42184fn7a6kkdpfavu75ncec06g7lg', '::1', 1493571755, 0x5f5f63695f6c6173745f726567656e65726174657c693a313439333537313634383b69647c733a313a2239223b6e616d657c733a343a2231313131223b757365726e616d657c733a313a2231223b70617373776f72647c733a33323a226334636134323338613062393233383230646363353039613666373538343962223b726f6c657c733a373a2263616368696572223b70686f6e657c733a303a22223b69735f6c6f676765645f696e7c623a313b73686966745f69647c733a313a2231223b),
('oeiq9as44f0ou96rl5701lamn6gqfoc8', '::1', 1493572268, 0x5f5f63695f6c6173745f726567656e65726174657c693a313439333537323031323b69647c733a313a2239223b6e616d657c733a343a2231313131223b757365726e616d657c733a313a2231223b70617373776f72647c733a33323a226334636134323338613062393233383230646363353039613666373538343962223b726f6c657c733a373a2263616368696572223b70686f6e657c733a303a22223b69735f6c6f676765645f696e7c623a313b73686966745f69647c733a313a2231223b),
('7qq4gdklqsa69ojnrsvvjelsbd6ih105', '::1', 1493572669, 0x5f5f63695f6c6173745f726567656e65726174657c693a313439333537323431393b69647c733a313a2239223b6e616d657c733a343a2231313131223b757365726e616d657c733a313a2231223b70617373776f72647c733a33323a226334636134323338613062393233383230646363353039613666373538343962223b726f6c657c733a373a2263616368696572223b70686f6e657c733a303a22223b69735f6c6f676765645f696e7c623a313b73686966745f69647c733a313a2231223b),
('pntjokgfpuc958mfhvhutgjtrbdlg286', '::1', 1493573050, 0x5f5f63695f6c6173745f726567656e65726174657c693a313439333537323937383b69647c733a313a2239223b6e616d657c733a343a2231313131223b757365726e616d657c733a313a2231223b70617373776f72647c733a33323a226334636134323338613062393233383230646363353039613666373538343962223b726f6c657c733a373a2263616368696572223b70686f6e657c733a303a22223b69735f6c6f676765645f696e7c623a313b73686966745f69647c733a313a2231223b),
('hansggc3iet87brvlic95ues3ec4m6gt', '::1', 1493573536, 0x5f5f63695f6c6173745f726567656e65726174657c693a313439333537333331303b69647c733a313a2239223b6e616d657c733a343a2231313131223b757365726e616d657c733a313a2231223b70617373776f72647c733a33323a226334636134323338613062393233383230646363353039613666373538343962223b726f6c657c733a373a2263616368696572223b70686f6e657c733a303a22223b69735f6c6f676765645f696e7c623a313b73686966745f69647c733a313a2231223b),
('jelbbl1i5cmln63dmn81a25k0j2n5vnn', '::1', 1493638614, 0x5f5f63695f6c6173745f726567656e65726174657c693a313439333633383336323b69647c733a313a2239223b6e616d657c733a343a2231313131223b757365726e616d657c733a313a2231223b70617373776f72647c733a33323a226334636134323338613062393233383230646363353039613666373538343962223b726f6c657c733a373a2263616368696572223b70686f6e657c733a303a22223b69735f6c6f676765645f696e7c623a313b73686966745f69647c733a313a2231223b),
('0gp5a3eirae1t99rcl904cn0h7i4blgu', '::1', 1493638974, 0x5f5f63695f6c6173745f726567656e65726174657c693a313439333633383637393b69647c733a313a2239223b6e616d657c733a343a2231313131223b757365726e616d657c733a313a2231223b70617373776f72647c733a33323a226334636134323338613062393233383230646363353039613666373538343962223b726f6c657c733a373a2263616368696572223b70686f6e657c733a303a22223b69735f6c6f676765645f696e7c623a313b73686966745f69647c733a313a2231223b),
('c2086130nq4jipb9oghf7r5cibbmtmgc', '::1', 1493639229, 0x5f5f63695f6c6173745f726567656e65726174657c693a313439333633383939363b69647c733a313a2239223b6e616d657c733a343a2231313131223b757365726e616d657c733a313a2231223b70617373776f72647c733a33323a226334636134323338613062393233383230646363353039613666373538343962223b726f6c657c733a373a2263616368696572223b70686f6e657c733a303a22223b69735f6c6f676765645f696e7c623a313b73686966745f69647c733a313a2231223b),
('6djs1hhc2shtb6hq0oc1l1hq3nq329o2', '::1', 1493639797, 0x5f5f63695f6c6173745f726567656e65726174657c693a313439333633393537343b69647c733a313a2239223b6e616d657c733a343a2231313131223b757365726e616d657c733a313a2231223b70617373776f72647c733a33323a226334636134323338613062393233383230646363353039613666373538343962223b726f6c657c733a373a2263616368696572223b70686f6e657c733a303a22223b69735f6c6f676765645f696e7c623a313b73686966745f69647c733a313a2231223b),
('o7bptq3p0vrcgscfus4qj26lag6nbs28', '::1', 1493641126, 0x5f5f63695f6c6173745f726567656e65726174657c693a313439333634303833383b69647c733a313a2239223b6e616d657c733a343a2231313131223b757365726e616d657c733a313a2231223b70617373776f72647c733a33323a226334636134323338613062393233383230646363353039613666373538343962223b726f6c657c733a373a2263616368696572223b70686f6e657c733a303a22223b69735f6c6f676765645f696e7c623a313b73686966745f69647c733a313a2231223b),
('9tsmuq7a6341megl6bnnhggf3nqqsc93', '::1', 1493641292, 0x5f5f63695f6c6173745f726567656e65726174657c693a313439333634313139393b69647c733a313a2239223b6e616d657c733a343a2231313131223b757365726e616d657c733a313a2231223b70617373776f72647c733a33323a226334636134323338613062393233383230646363353039613666373538343962223b726f6c657c733a373a2263616368696572223b70686f6e657c733a303a22223b69735f6c6f676765645f696e7c623a313b73686966745f69647c733a313a2231223b),
('v2bq7o34qgeq1nof1pql3g541gkv37m6', '::1', 1493642218, 0x5f5f63695f6c6173745f726567656e65726174657c693a313439333634313937363b69647c733a313a2239223b6e616d657c733a343a2231313131223b757365726e616d657c733a313a2231223b70617373776f72647c733a33323a226334636134323338613062393233383230646363353039613666373538343962223b726f6c657c733a373a2263616368696572223b70686f6e657c733a303a22223b69735f6c6f676765645f696e7c623a313b73686966745f69647c733a313a2231223b),
('g1hgj4iriem9nj4k1iuhmsvcjog5c08p', '::1', 1493642743, 0x5f5f63695f6c6173745f726567656e65726174657c693a313439333634323537333b69647c733a313a2239223b6e616d657c733a343a2231313131223b757365726e616d657c733a313a2231223b70617373776f72647c733a33323a226334636134323338613062393233383230646363353039613666373538343962223b726f6c657c733a373a2263616368696572223b70686f6e657c733a303a22223b69735f6c6f676765645f696e7c623a313b73686966745f69647c733a313a2231223b),
('nhnvdhttv5clo3058srjjgd3jeo5k23i', '::1', 1493643248, 0x5f5f63695f6c6173745f726567656e65726174657c693a313439333634323939353b69647c733a313a2239223b6e616d657c733a343a2231313131223b757365726e616d657c733a313a2231223b70617373776f72647c733a33323a226334636134323338613062393233383230646363353039613666373538343962223b726f6c657c733a373a2263616368696572223b70686f6e657c733a303a22223b69735f6c6f676765645f696e7c623a313b73686966745f69647c733a313a2231223b),
('i86oek5m28eamc7vpdbgiiifsbls91im', '::1', 1493643317, 0x5f5f63695f6c6173745f726567656e65726174657c693a313439333634333331373b69647c733a313a2239223b6e616d657c733a343a2231313131223b757365726e616d657c733a313a2231223b70617373776f72647c733a33323a226334636134323338613062393233383230646363353039613666373538343962223b726f6c657c733a373a2263616368696572223b70686f6e657c733a303a22223b69735f6c6f676765645f696e7c623a313b73686966745f69647c733a313a2231223b),
('70kcp205n87r72e6nvfeu1pmabbqs3t7', '::1', 1493649990, 0x5f5f63695f6c6173745f726567656e65726174657c693a313439333634393739383b69647c733a313a2239223b6e616d657c733a343a2231313131223b757365726e616d657c733a313a2231223b70617373776f72647c733a33323a226334636134323338613062393233383230646363353039613666373538343962223b726f6c657c733a373a2263616368696572223b70686f6e657c733a303a22223b69735f6c6f676765645f696e7c623a313b73686966745f69647c733a313a2231223b),
('d7blntaadlr12lfihd76fer7kte4d5m6', '::1', 1493650838, 0x5f5f63695f6c6173745f726567656e65726174657c693a313439333635303533383b69647c733a313a2239223b6e616d657c733a343a2231313131223b757365726e616d657c733a313a2231223b70617373776f72647c733a33323a226334636134323338613062393233383230646363353039613666373538343962223b726f6c657c733a373a2263616368696572223b70686f6e657c733a303a22223b69735f6c6f676765645f696e7c623a313b73686966745f69647c733a313a2231223b),
('knhhjbt4c82fm67vfgfck24486n992hf', '::1', 1493651153, 0x5f5f63695f6c6173745f726567656e65726174657c693a313439333635303930323b69647c733a313a2239223b6e616d657c733a343a2231313131223b757365726e616d657c733a313a2231223b70617373776f72647c733a33323a226334636134323338613062393233383230646363353039613666373538343962223b726f6c657c733a373a2263616368696572223b70686f6e657c733a303a22223b69735f6c6f676765645f696e7c623a313b73686966745f69647c733a313a2231223b),
('m7hcb909tse5h77nllhh4l45ne4mvc2m', '::1', 1493651611, 0x5f5f63695f6c6173745f726567656e65726174657c693a313439333635313333363b69647c733a313a2239223b6e616d657c733a343a2231313131223b757365726e616d657c733a313a2231223b70617373776f72647c733a33323a226334636134323338613062393233383230646363353039613666373538343962223b726f6c657c733a373a2263616368696572223b70686f6e657c733a303a22223b69735f6c6f676765645f696e7c623a313b73686966745f69647c733a313a2231223b),
('8r3q3t8mh6g5s6518ac50i96llh7c9ka', '::1', 1493651857, 0x5f5f63695f6c6173745f726567656e65726174657c693a313439333635313636313b69647c733a313a2239223b6e616d657c733a343a2231313131223b757365726e616d657c733a313a2231223b70617373776f72647c733a33323a226334636134323338613062393233383230646363353039613666373538343962223b726f6c657c733a373a2263616368696572223b70686f6e657c733a303a22223b69735f6c6f676765645f696e7c623a313b73686966745f69647c733a313a2231223b),
('k43kmh5nn5t8rpt7j5ftiau8316a573p', '::1', 1493652190, 0x5f5f63695f6c6173745f726567656e65726174657c693a313439333635323035323b69647c733a313a2239223b6e616d657c733a343a2231313131223b757365726e616d657c733a313a2231223b70617373776f72647c733a33323a226334636134323338613062393233383230646363353039613666373538343962223b726f6c657c733a373a2263616368696572223b70686f6e657c733a303a22223b69735f6c6f676765645f696e7c623a313b73686966745f69647c733a313a2231223b),
('8hkl97uh6qjtv3vcqu77od1gtbn8muk8', '::1', 1493652355, 0x5f5f63695f6c6173745f726567656e65726174657c693a313439333635323335353b69647c733a313a2239223b6e616d657c733a343a2231313131223b757365726e616d657c733a313a2231223b70617373776f72647c733a33323a226334636134323338613062393233383230646363353039613666373538343962223b726f6c657c733a373a2263616368696572223b70686f6e657c733a303a22223b69735f6c6f676765645f696e7c623a313b73686966745f69647c733a313a2231223b),
('n10takbl70p5s8pacb8tkam95vce8nbe', '::1', 1493653614, 0x5f5f63695f6c6173745f726567656e65726174657c693a313439333635333433353b69647c733a313a2239223b6e616d657c733a343a2231313131223b757365726e616d657c733a313a2231223b70617373776f72647c733a33323a226334636134323338613062393233383230646363353039613666373538343962223b726f6c657c733a373a2263616368696572223b70686f6e657c733a303a22223b69735f6c6f676765645f696e7c623a313b73686966745f69647c733a313a2231223b),
('i6fsii9jjp3ui3esi7vgbqiv726itlee', '::1', 1493654059, 0x5f5f63695f6c6173745f726567656e65726174657c693a313439333635333938313b69647c733a313a2239223b6e616d657c733a343a2231313131223b757365726e616d657c733a313a2231223b70617373776f72647c733a33323a226334636134323338613062393233383230646363353039613666373538343962223b726f6c657c733a373a2263616368696572223b70686f6e657c733a303a22223b69735f6c6f676765645f696e7c623a313b73686966745f69647c733a313a2231223b),
('l13ceoki66urk9bjhg714tvf1m04u89g', '::1', 1493667341, 0x5f5f63695f6c6173745f726567656e65726174657c693a313439333636373131373b69647c733a313a2239223b6e616d657c733a343a2231313131223b757365726e616d657c733a313a2231223b70617373776f72647c733a33323a226334636134323338613062393233383230646363353039613666373538343962223b726f6c657c733a373a2263616368696572223b70686f6e657c733a303a22223b69735f6c6f676765645f696e7c623a313b73686966745f69647c733a313a2231223b),
('t4qv2cvk233ki88vln53qtcsndb3k7ld', '::1', 1493667710, 0x5f5f63695f6c6173745f726567656e65726174657c693a313439333636373435313b69647c733a313a2239223b6e616d657c733a343a2231313131223b757365726e616d657c733a313a2231223b70617373776f72647c733a33323a226334636134323338613062393233383230646363353039613666373538343962223b726f6c657c733a373a2263616368696572223b70686f6e657c733a303a22223b69735f6c6f676765645f696e7c623a313b73686966745f69647c733a313a2231223b),
('liav3mf7smaec8jb4pf9651osa0qt51k', '::1', 1493667851, 0x5f5f63695f6c6173745f726567656e65726174657c693a313439333636373735353b69647c733a313a2239223b6e616d657c733a343a2231313131223b757365726e616d657c733a313a2231223b70617373776f72647c733a33323a226334636134323338613062393233383230646363353039613666373538343962223b726f6c657c733a373a2263616368696572223b70686f6e657c733a303a22223b69735f6c6f676765645f696e7c623a313b73686966745f69647c733a313a2231223b),
('dg0oh4apcqgt6ujd3v5r9aq1et5d7hhg', '::1', 1493668260, 0x5f5f63695f6c6173745f726567656e65726174657c693a313439333636383035363b69647c733a313a2239223b6e616d657c733a343a2231313131223b757365726e616d657c733a313a2231223b70617373776f72647c733a33323a226334636134323338613062393233383230646363353039613666373538343962223b726f6c657c733a373a2263616368696572223b70686f6e657c733a303a22223b69735f6c6f676765645f696e7c623a313b73686966745f69647c733a313a2231223b),
('b01kfaboc85eikbm6us6j50tvilctijp', '::1', 1493668835, 0x5f5f63695f6c6173745f726567656e65726174657c693a313439333636383833353b69647c733a313a2239223b6e616d657c733a343a2231313131223b757365726e616d657c733a313a2231223b70617373776f72647c733a33323a226334636134323338613062393233383230646363353039613666373538343962223b726f6c657c733a373a2263616368696572223b70686f6e657c733a303a22223b69735f6c6f676765645f696e7c623a313b73686966745f69647c733a313a2231223b),
('kpq35p7dm727nuhlamj8i5va0tbicb9l', '::1', 1493669356, 0x5f5f63695f6c6173745f726567656e65726174657c693a313439333636393133363b69647c733a313a2239223b6e616d657c733a343a2231313131223b757365726e616d657c733a313a2231223b70617373776f72647c733a33323a226334636134323338613062393233383230646363353039613666373538343962223b726f6c657c733a373a2263616368696572223b70686f6e657c733a303a22223b69735f6c6f676765645f696e7c623a313b73686966745f69647c733a313a2231223b);

-- --------------------------------------------------------

--
-- Table structure for table `c21_customers`
--

CREATE TABLE `c21_customers` (
  `id` int(11) NOT NULL,
  `name` varchar(50) NOT NULL,
  `is_available` tinyint(1) NOT NULL DEFAULT '0',
  `section_id` int(11) NOT NULL
) ENGINE=InnoDB DEFAULT CHARSET=utf8;

--
-- Dumping data for table `c21_customers`
--

INSERT INTO `c21_customers` (`id`, `name`, `is_available`, `section_id`) VALUES
(1, 't1', 0, 1),
(2, 't2', 1, 1),
(3, 't3', 0, 1),
(4, 't4', 1, 1),
(5, 't5', 1, 1),
(6, 't6', 1, 1),
(7, 't7', 1, 1),
(8, 't8', 1, 2),
(9, 't9', 1, 2),
(10, 't10', 1, 2),
(11, 't10', 1, 2),
(12, 't10', 1, 2);

-- --------------------------------------------------------

--
-- Table structure for table `c21_customers_sections`
--

CREATE TABLE `c21_customers_sections` (
  `id` int(11) NOT NULL,
  `name` varchar(255) NOT NULL
) ENGINE=InnoDB DEFAULT CHARSET=utf8;

--
-- Dumping data for table `c21_customers_sections`
--

INSERT INTO `c21_customers_sections` (`id`, `name`) VALUES
(1, 'الصالة1'),
(2, 'الصال2\r\n1');

-- --------------------------------------------------------

--
-- Table structure for table `c21_deffered_stock_items`
--

CREATE TABLE `c21_deffered_stock_items` (
  `id` int(11) NOT NULL,
  `item_id` int(11) NOT NULL,
  `amount` double NOT NULL,
  `shift_id` int(11) NOT NULL,
  `time` datetime NOT NULL DEFAULT CURRENT_TIMESTAMP,
  `is_stock_deduct` tinyint(1) NOT NULL DEFAULT '0' COMMENT 'if the record has been deducted from stock'
) ENGINE=InnoDB DEFAULT CHARSET=utf8;

--
-- Dumping data for table `c21_deffered_stock_items`
--

INSERT INTO `c21_deffered_stock_items` (`id`, `item_id`, `amount`, `shift_id`, `time`, `is_stock_deduct`) VALUES
(100, 38, 4, 132, '2017-02-16 19:58:24', 1),
(101, 35, 4, 132, '2017-02-16 21:22:18', 1),
(102, 34, 0.2, 132, '2017-02-16 21:22:18', 1),
(103, 38, 1, 133, '2017-02-16 21:32:08', 1),
(104, 38, 1, 134, '2017-02-16 21:53:27', 1),
(105, 35, 4, 135, '2017-02-16 22:35:11', 1),
(106, 34, 0.2, 135, '2017-02-16 22:35:11', 1),
(107, 35, 5, 135, '2017-02-16 22:35:11', 0),
(108, 38, 1, 135, '2017-02-16 22:52:05', 1),
(109, 35, 5, 135, '2017-02-16 22:52:05', 0),
(110, 5, 0.2, 135, '2017-02-25 00:38:36', 1),
(111, 44, 0.4, 135, '2017-02-25 00:38:36', 1),
(112, 35, 4, 135, '2017-02-25 00:38:36', 0),
(113, 34, 0.2, 135, '2017-02-25 00:38:36', 0),
(114, 38, 1, 135, '2017-02-25 00:38:36', 0),
(115, 35, 5, 135, '2017-02-25 00:38:36', 0),
(116, 44, 0.2, 135, '2017-02-25 00:38:36', 0),
(117, 35, 12, 135, '2017-02-25 00:38:48', 0),
(118, 34, 0.6, 135, '2017-02-25 00:38:48', 0),
(119, 35, 15, 135, '2017-02-25 00:38:48', 0),
(120, 38, 2, 135, '2017-02-25 00:38:48', 0),
(121, 5, 0.5, 135, '2017-02-25 00:39:02', 0),
(122, 35, 5, 135, '2017-02-25 00:39:02', 0),
(123, 35, 8, 135, '2017-02-25 00:39:02', 0),
(124, 34, 0.4, 135, '2017-02-25 00:39:02', 0),
(125, 5, 0.1, 136, '2017-03-03 05:13:21', 1),
(126, 38, 1, 136, '2017-03-03 20:50:21', 1),
(127, 38, 1, 136, '2017-03-03 21:05:25', 0),
(128, 35, 4, 136, '2017-03-03 21:07:23', 1),
(129, 34, 0.2, 136, '2017-03-03 21:07:23', 1),
(130, 38, 1, 136, '2017-03-03 21:07:23', 0),
(131, 35, 10, 136, '2017-03-03 21:07:23', 0),
(132, 35, 4, 136, '2017-03-03 21:14:20', 0),
(133, 34, 0.2, 136, '2017-03-03 21:14:20', 0),
(134, 35, 4, 136, '2017-03-03 21:14:35', 0),
(135, 34, 0.2, 136, '2017-03-03 21:14:35', 0),
(136, 17, 2, 136, '2017-03-03 21:15:00', 1),
(137, 35, 4, 136, '2017-03-03 21:17:44', 0),
(138, 34, 0.2, 136, '2017-03-03 21:17:44', 0),
(139, 35, 5, 136, '2017-03-03 21:17:44', 0),
(140, 38, 1, 136, '2017-03-03 21:17:44', 0),
(141, 35, 4, 136, '2017-03-03 21:18:01', 0),
(142, 34, 0.2, 136, '2017-03-03 21:18:01', 0),
(143, 35, 4, 136, '2017-03-03 21:23:31', 0),
(144, 34, 0.2, 136, '2017-03-03 21:23:31', 0),
(145, 5, 0.1, 136, '2017-03-03 21:34:22', 0),
(146, 44, 0.2, 136, '2017-03-03 21:34:35', 1),
(147, 5, 0.1, 136, '2017-03-03 21:35:47', 0),
(148, 5, 0.1, 136, '2017-03-03 21:35:47', 0),
(149, 35, 4, 136, '2017-03-03 21:44:34', 0),
(150, 34, 0.2, 136, '2017-03-03 21:44:34', 0),
(151, 35, 4, 136, '2017-03-03 21:48:29', 0),
(152, 34, 0.2, 136, '2017-03-03 21:48:29', 0),
(153, 38, 1, 136, '2017-03-03 21:48:29', 0),
(154, 5, 0.1, 136, '2017-03-03 21:49:13', 0),
(155, 35, 80, 137, '2017-03-06 00:20:27', 1),
(156, 34, 4, 137, '2017-03-06 00:20:27', 1),
(157, 35, 5, 137, '2017-03-06 00:20:27', 0),
(158, 5, 0.2, 138, '2017-03-06 00:23:48', 1),
(159, 1, 0.2, 138, '2017-03-06 00:23:48', 1),
(160, 38, 1, 138, '2017-03-06 00:23:48', 1),
(161, 35, 12, 138, '2017-03-06 00:23:48', 1),
(162, 34, 0.6, 138, '2017-03-06 00:23:48', 1),
(163, 35, 20, 139, '2017-03-06 00:25:31', 1),
(164, 35, 4, 139, '2017-03-06 00:25:31', 0),
(165, 34, 0.2, 139, '2017-03-06 00:25:31', 1),
(166, 38, 1, 140, '2017-03-09 23:08:50', 1),
(167, 35, 5, 140, '2017-03-09 23:08:50', 1),
(168, 35, 4, 140, '2017-03-09 23:08:50', 0),
(169, 34, 0.2, 140, '2017-03-09 23:08:50', 1),
(170, 35, 4, 140, '2017-03-15 00:59:21', 0),
(171, 34, 0.2, 140, '2017-03-15 00:59:21', 0),
(172, 38, 1, 140, '2017-03-15 00:59:21', 0),
(173, 35, 24, 141, '2017-03-15 01:03:11', 1),
(174, 34, 1.2, 141, '2017-03-15 01:03:11', 1),
(175, 35, 10, 142, '2017-03-15 01:06:09', 1),
(176, 34, 0.4, 142, '2017-03-15 01:06:09', 1),
(177, 35, 10, 142, '2017-03-15 01:06:09', 0),
(178, 38, 2, 142, '2017-03-15 01:06:09', 1),
(179, 35, 10, 143, '2017-03-15 01:08:23', 1),
(180, 34, 0.4, 143, '2017-03-15 01:08:23', 1),
(181, 35, 10, 143, '2017-03-15 01:08:23', 0),
(182, 5, 0.4, 144, '2017-03-17 20:46:14', 1),
(183, 44, 0.4, 144, '2017-03-17 20:46:14', 1),
(184, 5, 0.1, 144, '2017-03-17 20:46:14', 1),
(185, 35, 1660, 144, '2017-03-17 20:46:14', 1),
(186, 34, 66.4, 144, '2017-03-17 20:46:14', 1),
(187, 38, 1, 144, '2017-03-17 20:46:14', 1),
(188, 35, 15, 144, '2017-03-19 00:03:13', 1),
(189, 35, 15, 144, '2017-03-19 00:03:13', 1),
(190, 34, 0.6, 144, '2017-03-19 00:03:13', 1),
(191, 38, 1, 144, '2017-03-19 00:03:13', 1),
(192, 44, 0.2, 144, '2017-03-19 00:03:13', 1),
(193, 5, 0.2, 144, '2017-03-19 00:03:13', 1),
(194, 35, 15, 144, '2017-03-19 00:05:30', 1),
(195, 34, 0.6, 144, '2017-03-19 00:05:30', 1),
(196, 38, 1, 144, '2017-03-19 00:05:30', 1),
(197, 35, 10, 144, '2017-03-19 01:04:24', 1),
(198, 34, 0.4, 144, '2017-03-19 01:04:24', 1),
(199, 35, 5, 144, '2017-03-19 01:04:24', 1),
(200, 35, 5, 144, '2017-03-19 01:05:28', 1),
(201, 34, 0.2, 144, '2017-03-19 01:05:28', 1),
(202, 38, 6, 162, '2017-03-26 21:25:56', 0),
(203, 35, 45, 162, '2017-03-26 21:25:56', 0),
(204, 34, 1.8, 162, '2017-03-26 21:25:56', 0),
(205, 35, 60, 162, '2017-03-26 21:25:56', 0),
(206, 5, 4.5, 162, '2017-03-26 21:25:56', 0),
(207, 35, 10, 162, '2017-03-26 21:26:11', 0),
(208, 35, 10, 162, '2017-03-26 21:26:11', 0),
(209, 34, 0.4, 162, '2017-03-26 21:26:11', 0),
(210, 38, 1, 162, '2017-03-26 21:26:11', 0),
(211, 35, 10, 162, '2017-03-26 21:26:17', 0),
(212, 34, 0.4, 162, '2017-03-26 21:26:17', 0),
(213, 35, 5, 162, '2017-03-26 21:26:26', 0),
(214, 34, 0.2, 162, '2017-03-26 21:26:26', 0),
(215, 35, 5, 162, '2017-03-26 21:26:30', 0),
(216, 34, 0.2, 162, '2017-03-26 21:26:30', 0),
(217, 35, 5, 162, '2017-03-26 21:26:35', 0),
(218, 35, 5, 162, '2017-03-26 21:26:41', 0),
(219, 34, 0.2, 162, '2017-03-26 21:26:41', 0),
(220, 35, 5, 162, '2017-03-26 21:26:41', 0),
(221, 38, 41, 162, '2017-03-26 21:26:41', 0),
(222, 38, 1, 163, '2017-03-26 22:08:04', 0),
(223, 35, 5, 163, '2017-03-26 22:08:04', 0),
(224, 44, 0.2, 1, '2017-03-27 00:25:04', 1),
(225, 5, 0.1, 1, '2017-03-27 00:25:04', 1),
(226, 38, 1, 1, '2017-03-27 00:25:09', 1),
(227, 35, 10, 1, '2017-03-27 00:25:09', 1),
(228, 5, 0.2, 1, '2017-03-27 00:25:14', 1),
(229, 35, 15, 1, '2017-03-27 00:25:14', 1),
(230, 34, 0.6, 1, '2017-03-27 00:25:14', 1),
(231, 35, 5, 1, '2017-03-27 00:25:14', 1),
(232, 38, 2, 1, '2017-03-27 00:25:14', 1),
(233, 35, 5, 79, '2017-03-29 23:43:01', 1),
(234, 34, 0.2, 79, '2017-03-29 23:43:01', 1),
(235, 35, 5, 79, '2017-03-29 23:43:01', 1),
(236, 38, 1, 79, '2017-03-29 23:43:01', 1),
(237, 35, 10, 79, '2017-03-30 00:52:26', 0),
(238, 38, 2, 79, '2017-03-30 00:52:26', 1),
(239, 35, 5, 79, '2017-03-30 00:52:26', 0),
(240, 34, 0.2, 79, '2017-03-30 00:52:26', 1),
(241, 5, 0.1, 79, '2017-03-30 00:52:26', 1),
(242, 44, 0.2, 79, '2017-03-30 00:52:26', 1),
(243, 5, 0.1, 79, '2017-03-30 00:52:26', 1),
(244, 38, 1, 79, '2017-03-30 00:52:33', 0),
(245, 35, 5, 79, '2017-03-30 00:52:45', 0),
(246, 34, 0.2, 79, '2017-03-30 00:52:45', 0),
(247, 38, 1, 79, '2017-03-30 00:52:45', 0),
(248, 5, 0.1, 79, '2017-03-30 22:13:31', 0),
(249, 44, 0.2, 79, '2017-03-30 22:13:31', 1),
(250, 17, 0.1, 24, '2017-04-01 18:54:14', 1),
(251, 5, 0.1, 39, '2017-04-11 16:25:54', 1),
(252, 38, 1, 39, '2017-04-12 15:07:26', 1),
(253, 35, 10, 39, '2017-04-12 15:07:26', 1),
(254, 34, 0.4, 39, '2017-04-12 15:07:26', 1),
(255, 3, 0.2, 39, '2017-04-12 15:07:26', 1),
(256, 1, 0.2, 39, '2017-04-12 15:07:26', 1),
(257, 5, 0.1, 40, '2017-04-14 12:52:33', 1),
(258, 38, 1, 41, '2017-04-15 18:21:57', 1),
(259, 35, 5, 41, '2017-04-15 18:52:20', 1),
(260, 12, 0.6, 41, '2017-04-15 18:52:20', 1),
(261, 18, 0.1, 41, '2017-04-15 18:52:20', 1),
(262, 5, 0.1, 42, '2017-04-16 21:47:47', 1),
(263, 14, 0.6, 42, '2017-04-16 21:47:47', 1),
(264, 5, 0.6, 42, '2017-04-16 21:47:47', 0),
(265, 17, 0.6, 42, '2017-04-16 21:47:47', 1),
(266, 44, 0.2, 42, '2017-04-22 23:47:23', 1),
(267, 35, 5, 42, '2017-04-22 23:47:23', 1),
(268, 12, 0.6, 42, '2017-04-22 23:47:23', 1),
(269, 18, 0.1, 42, '2017-04-22 23:47:23', 1),
(270, 38, 1, 42, '2017-04-22 23:47:31', 1),
(271, 35, 130, 42, '2017-04-22 23:47:31', 0),
(272, 34, 5.2, 42, '2017-04-22 23:47:31', 1),
(273, 3, 2.6, 42, '2017-04-22 23:47:31', 1),
(274, 1, 2.6, 42, '2017-04-22 23:47:31', 1),
(275, 14, 0.1, 5, '2017-04-23 17:28:27', 1),
(276, 5, 0.1, 5, '2017-04-23 17:28:27', 1),
(277, 17, 0.1, 5, '2017-04-23 17:28:27', 1),
(278, 38, 1, 1, '2017-04-25 22:26:52', 0),
(279, 35, 5, 1, '2017-04-25 22:38:28', 0),
(280, 12, 0.6, 1, '2017-04-25 22:38:28', 0),
(281, 18, 0.1, 1, '2017-04-25 22:38:28', 0),
(282, 38, 1, 1, '2017-04-25 22:38:28', 0),
(283, 5, 0.1, 1, '2017-04-25 23:23:50', 0),
(284, 14, 0.1, 1, '2017-04-25 23:23:50', 0),
(285, 5, 0.1, 1, '2017-04-25 23:23:50', 0),
(286, 17, 0.1, 1, '2017-04-25 23:23:50', 0);

-- --------------------------------------------------------

--
-- Table structure for table `c21_finances_moneycase`
--

CREATE TABLE `c21_finances_moneycase` (
  `id` int(11) NOT NULL,
  `shift_id` int(11) NOT NULL,
  `date_time` datetime NOT NULL DEFAULT CURRENT_TIMESTAMP,
  `total` double NOT NULL
) ENGINE=InnoDB DEFAULT CHARSET=utf8;

--
-- Dumping data for table `c21_finances_moneycase`
--

INSERT INTO `c21_finances_moneycase` (`id`, `shift_id`, `date_time`, `total`) VALUES
(1, 22, '2017-04-01 18:37:28', 32.312),
(2, 22, '2017-04-01 18:48:11', 42.336),
(3, 24, '2017-04-01 18:54:14', 64.792),
(4, 37, '2017-04-02 17:15:31', 0),
(5, 38, '2017-04-02 17:18:10', 0),
(6, 39, '2017-04-11 16:25:54', 24.584),
(7, 39, '2017-04-12 15:07:26', 69.272),
(8, 39, '2017-04-12 15:07:35', 44.632),
(9, 39, '2017-04-12 21:57:00', 0),
(10, 39, '2017-04-12 22:05:05', 23.408),
(11, 40, '2017-04-14 12:52:33', 24.584),
(12, 41, '2017-04-15 18:21:57', 35.784),
(13, 41, '2017-04-15 18:52:20', 33.488),
(14, 41, '2017-04-15 19:46:51', 0),
(15, 42, '2017-04-16 21:47:47', 136.192),
(16, 42, '2017-04-22 23:47:23', 125.328),
(17, 42, '2017-04-22 23:47:31', 713.888),
(18, 46, '2017-04-23 00:20:30', 39.032),
(19, 47, '2017-04-23 00:21:44', 21.224),
(20, 2, '2017-04-23 14:37:28', 0),
(21, 3, '2017-04-23 17:14:07', 0),
(22, 5, '2017-04-23 17:28:27', 39.088),
(23, 1, '2017-04-23 17:47:56', 0),
(24, 1, '2017-04-25 22:26:52', 52.472),
(25, 1, '2017-04-25 22:38:28', 60.312),
(26, 1, '2017-04-25 23:23:50', 63.672),
(27, 1, '2017-04-25 23:25:33', 31.192);

-- --------------------------------------------------------

--
-- Table structure for table `c21_finances_shifts`
--

CREATE TABLE `c21_finances_shifts` (
  `id` int(11) NOT NULL,
  `shift_id` int(11) NOT NULL,
  `end_datetime` datetime NOT NULL DEFAULT CURRENT_TIMESTAMP,
  `total` double NOT NULL
) ENGINE=InnoDB DEFAULT CHARSET=utf8;

--
-- Dumping data for table `c21_finances_shifts`
--

INSERT INTO `c21_finances_shifts` (`id`, `shift_id`, `end_datetime`, `total`) VALUES
(1, 1, '2017-04-01 14:30:29', 0),
(2, 1, '2017-04-01 14:30:29', 0),
(3, 1, '2017-04-01 14:30:29', 0),
(4, 1, '2017-04-01 14:30:29', 0),
(5, 2, '2017-04-01 14:35:31', 0),
(6, 2, '2017-04-01 14:35:31', 0),
(7, 144, '2017-04-01 14:36:04', 0),
(8, 144, '2017-04-01 14:36:04', 0),
(9, 3, '2017-04-01 14:59:23', 0),
(11, 3, '2017-04-01 15:34:08', 0),
(12, 4, '2017-04-01 15:39:41', 0),
(13, 4, '2017-04-01 15:48:00', 0),
(14, 4, '2017-04-01 16:13:03', 0),
(15, 6, '2017-04-01 16:16:13', 0),
(16, 6, '2017-04-01 16:17:55', 0),
(17, 7, '2017-04-01 16:19:54', 0),
(19, 8, '2017-04-01 16:21:58', 0),
(20, 10, '2017-04-01 16:29:22', 0),
(21, 11, '2017-04-01 16:30:23', 0),
(22, 12, '2017-04-01 16:33:48', 0),
(23, 13, '2017-04-01 16:57:24', 0),
(24, 14, '2017-04-01 16:59:08', 0),
(25, 15, '2017-04-01 17:03:25', 0),
(26, 16, '2017-04-01 17:06:15', 0),
(27, 17, '2017-04-01 17:17:21', 0),
(28, 18, '2017-04-01 17:19:13', 0),
(29, 19, '2017-04-01 17:20:34', 0),
(30, 20, '2017-04-01 17:23:11', 0),
(31, 21, '2017-04-01 17:25:23', 0),
(32, 22, '2017-04-01 17:43:17', 0),
(33, 22, '2017-04-01 17:46:39', 0),
(34, 22, '2017-04-01 17:54:39', 0),
(35, 22, '2017-04-01 18:01:46', 0),
(36, 22, '2017-04-01 18:03:45', 0),
(37, 22, '2017-04-01 18:38:06', 32.25),
(38, 22, '2017-04-01 18:48:21', 74.5),
(39, 23, '2017-04-01 18:49:27', 0),
(40, 23, '2017-04-01 18:52:38', 0),
(41, 24, '2017-04-01 18:57:15', 64.75),
(43, 25, '2017-04-01 18:59:08', 0),
(44, 27, '2017-04-01 18:59:47', 0),
(46, 28, '2017-04-01 19:45:13', 0),
(47, 30, '2017-04-01 20:00:13', 0),
(48, 30, '2017-04-01 20:13:28', 0),
(49, 31, '2017-04-02 16:59:47', 0),
(50, 36, '2017-04-02 17:14:42', 0),
(51, 37, '2017-04-02 17:15:51', 0),
(52, 39, '2017-04-12 22:06:20', 161.75),
(53, 40, '2017-04-14 12:52:44', 24.5),
(54, 41, '2017-04-15 19:47:10', 69.25),
(55, 42, '2017-04-22 23:48:04', 975.25),
(56, 44, '2017-04-22 23:57:06', 0),
(57, 45, '2017-04-23 00:03:50', 0),
(58, 3, '2017-04-23 17:14:25', 0),
(59, 5, '2017-04-23 17:28:57', 39),
(60, 1, '2017-04-23 17:48:09', 0);

-- --------------------------------------------------------

--
-- Table structure for table `c21_items`
--

CREATE TABLE `c21_items` (
  `id` int(11) NOT NULL,
  `name` varchar(100) NOT NULL,
  `desc` int(11) DEFAULT NULL,
  `reorder_level` double NOT NULL DEFAULT '0',
  `item_category` int(11) NOT NULL,
  `item_unit` int(11) NOT NULL
) ENGINE=InnoDB DEFAULT CHARSET=utf8;

--
-- Dumping data for table `c21_items`
--

INSERT INTO `c21_items` (`id`, `name`, `desc`, `reorder_level`, `item_category`, `item_unit`) VALUES
(1, 'لحم بتلو', 0, 2, 2, 1),
(2, 'شمبري', 0, 2, 2, 1),
(3, 'سجق', 0, 2, 2, 1),
(4, 'بسطرمة ', 0, 2, 305, 1),
(5, 'صدور فراخ', 0, 2, 2, 1),
(6, 'وراك فراخ', 0, 2, 2, 1),
(12, 'كانزات بيبسي', 2, 500, 1, 1),
(13, 'كانزات فيروز', 2, 4, 1, 1),
(14, 'علب عصير اناناس', 2, 10, 1, 1),
(15, ' علب عصير تفاح', 2, 10, 1, 1),
(16, 'فرخة كاملة', 0, 4, 2, 1),
(17, 'لحم مفروم', 0, 4, 2, 1),
(18, ';klsdjf;lkjasdf', 0, 20, 2, 1),
(19, 'زبدة', 0, 4, 305, 1),
(20, 'زيت', 0, 4, 305, 1),
(24, 'موز', 55, 4, 307, 1),
(29, 'تفاح', 0, 4, 307, 1),
(30, 'كانتلوب', 0, 10, 307, 1),
(33, 'عنب', 0, 2, 307, 1),
(34, 'مشروم', 0, 10, 305, 3),
(35, 'بيض', 0, 50, 305, 3),
(36, 'فراولة', 0, 4, 307, 3),
(37, 'لبن سايب', 0, 5, 305, 1),
(38, 'كرواسون', 0, 10, 308, 2),
(39, 'خضار مشكل', 0, 10, 307, 1),
(40, 'ايس كريم', 0, 4, 1, 1),
(43, 'عصير مانجو', 0, 4, 1, 2),
(44, 'جمبري', 0, 5, 306, 1),
(45, 'سبيط', 0, 5, 306, 1),
(46, 'علبة تونة قطعة واحدة', 0, 5, 305, 3),
(47, 'برطمان نوتيلا', 0, 5, 305, 1);

-- --------------------------------------------------------

--
-- Table structure for table `c21_items_categories`
--

CREATE TABLE `c21_items_categories` (
  `id` int(11) NOT NULL,
  `name` varchar(255) NOT NULL
) ENGINE=InnoDB DEFAULT CHARSET=utf8;

--
-- Dumping data for table `c21_items_categories`
--

INSERT INTO `c21_items_categories` (`id`, `name`) VALUES
(1, 'خامات من الموردين'),
(2, 'لحوم و دواجن'),
(305, 'مشتروات من السوبرماركت'),
(306, 'اسماك و منتجات بحرية'),
(307, 'فواكه و خضروات'),
(308, 'مخبوزات'),
(309, 'gsdfggggggggggggggg'),
(310, 'fasdfsdf');

-- --------------------------------------------------------

--
-- Table structure for table `c21_items_units`
--

CREATE TABLE `c21_items_units` (
  `id` int(11) NOT NULL,
  `name` varchar(20) NOT NULL
) ENGINE=InnoDB DEFAULT CHARSET=utf8;

--
-- Dumping data for table `c21_items_units`
--

INSERT INTO `c21_items_units` (`id`, `name`) VALUES
(1, 'كجم'),
(2, 'برسيون'),
(3, 'علبة');

-- --------------------------------------------------------

--
-- Table structure for table `c21_orders`
--

CREATE TABLE `c21_orders` (
  `id` int(11) NOT NULL,
  `shift_id` int(11) NOT NULL,
  `total` double NOT NULL,
  `customer_id` int(11) NOT NULL,
  `is_checked` tinyint(1) NOT NULL DEFAULT '0',
  `start_time` time NOT NULL,
  `end_time` time NOT NULL,
  `order_type` int(11) NOT NULL
) ENGINE=InnoDB DEFAULT CHARSET=utf8;

--
-- Dumping data for table `c21_orders`
--

INSERT INTO `c21_orders` (`id`, `shift_id`, `total`, `customer_id`, `is_checked`, `start_time`, `end_time`, `order_type`) VALUES
(2, 1, 60.312, 1, 1, '22:37:03', '22:38:28', 0),
(3, 1, 63.672, 2, 1, '23:23:31', '23:23:50', 0),
(4, 1, 31.192, 2, 1, '23:24:48', '23:25:33', 0),
(5, 1, 128.45000000000002, 1, 0, '17:24:33', '00:00:00', 0),
(6, 1, 0, 3, 0, '00:45:29', '00:00:00', 0);

-- --------------------------------------------------------

--
-- Table structure for table `c21_order_details`
--

CREATE TABLE `c21_order_details` (
  `id` int(11) NOT NULL,
  `order_id` int(11) NOT NULL,
  `product_id` int(11) NOT NULL,
  `quantity` int(11) NOT NULL DEFAULT '1'
) ENGINE=InnoDB DEFAULT CHARSET=utf8;

--
-- Dumping data for table `c21_order_details`
--

INSERT INTO `c21_order_details` (`id`, `order_id`, `product_id`, `quantity`) VALUES
(1, 2, 2, 1),
(2, 2, 4, 1),
(3, 2, 168, 1),
(4, 3, 6, 1),
(5, 3, 7, 1),
(6, 3, 167, 1),
(7, 4, 19, 1),
(8, 4, 18, 1),
(9, 4, 17, 1),
(10, 5, 109, 1),
(11, 5, 108, 1),
(12, 5, 110, 1),
(13, 5, 107, 8),
(14, 5, 6, 1),
(17, 5, 19, 1),
(18, 5, 18, 1),
(19, 6, 1, 1),
(20, 6, 2, 1),
(21, 6, 4, 1);

-- --------------------------------------------------------

--
-- Table structure for table `c21_order_details_summery`
--

CREATE TABLE `c21_order_details_summery` (
  `id` int(11) NOT NULL,
  `order_id` int(11) NOT NULL,
  `product_id` int(11) NOT NULL,
  `quantity` int(11) NOT NULL DEFAULT '1'
) ENGINE=InnoDB DEFAULT CHARSET=utf8;

-- --------------------------------------------------------

--
-- Table structure for table `c21_order_types`
--

CREATE TABLE `c21_order_types` (
  `id` int(11) NOT NULL,
  `name` varchar(20) NOT NULL
) ENGINE=InnoDB DEFAULT CHARSET=utf8;

--
-- Dumping data for table `c21_order_types`
--

INSERT INTO `c21_order_types` (`id`, `name`) VALUES
(1, 'صالة'),
(2, 'تيك اواي'),
(3, 'توصيل');

-- --------------------------------------------------------

--
-- Table structure for table `c21_products`
--

CREATE TABLE `c21_products` (
  `id` int(11) NOT NULL,
  `name` varchar(100) NOT NULL,
  `arabic` varchar(255) NOT NULL,
  `price` double NOT NULL,
  `desc` text,
  `cat_id` int(11) NOT NULL
) ENGINE=InnoDB DEFAULT CHARSET=utf8;

--
-- Dumping data for table `c21_products`
--

INSERT INTO `c21_products` (`id`, `name`, `arabic`, `price`, `desc`, `cat_id`) VALUES
(1, 'Mushroom Omelet', 'مشروم اومليت', 20.95, 'اومليت مقلي مع المشروم', 1),
(2, 'Greek Omelet', 'جريك اومليت', 20.95, '', 1),
(4, 'Croissant', 'كرواسون', 19.95, '', 1),
(5, 'Sambosek', 'سمبوسك', 16.95, 'اصابع السمبوسك المقليه\r\n', 2),
(6, 'Chicken Croquette Potatoes', 'بطاطس كروكيت بالفراخ', 21.95, '', 2),
(7, 'Garlic Mozzarilla Bread', 'عيش بالثوم و الموزاريلا', 12.95, '', 2),
(8, 'Shrimp Cocktail', 'جمبري كوكتيل', 29.95, '', 2),
(9, 'Steam Vegetables', 'خضار سوتيه', 21.95, '', 2),
(10, 'Home Fries', 'بطاطس هوم فرايز', 21.95, '', 2),
(11, 'Caesar Salad', 'سلطة سيزر', 21.95, NULL, 3),
(12, 'Shrimp Caesar Salad', 'سلطة سيزر جمبري', 21.95, NULL, 3),
(13, 'Greek Salad', 'جريك سلاد', 14.95, NULL, 3),
(14, 'Chef Salad', 'شيف سلاد', 18.95, NULL, 3),
(15, 'Tuna Salad', 'سلطة تونة', 16.95, NULL, 3),
(16, 'Garden Salad', 'سلطة خضراء', 8.95, NULL, 3),
(17, 'Broccoli', 'شوربة بروكلي', 10.95, NULL, 4),
(18, 'Lentil', 'شوربة عدس', 7.95, NULL, 4),
(19, 'Creamy Mushroom', 'شوربة كريمة المشروم', 8.95, NULL, 4),
(20, 'Onion', 'شوربة بصل', 9.95, NULL, 4),
(21, 'Creamy Chicken', 'شوربة فراخ بالكريمة', 9.95, NULL, 4),
(22, 'Tomato', 'شوربة طماطم', 7.95, NULL, 4),
(23, 'Pisto sauce', 'مكرونة بستو صوص', 19.95, NULL, 5),
(24, 'Polonaise ', 'مكرونة بولونيز', 19.95, NULL, 5),
(25, 'Alfredo', 'مكرونة الفريدو', 22.95, NULL, 5),
(26, 'Primavera ', 'مكرونة بريمافيرا', 15.95, NULL, 5),
(27, 'Puttanesca', 'مكرونة بوتانسكا', 17.95, NULL, 5),
(28, 'Meat Ball', 'مكرونة ميت بول', 19.95, NULL, 5),
(29, 'Backed Ziti', 'مكرونة بيكيد زيتي', 18.95, NULL, 5),
(30, 'Curry Pasta', 'مكرونة بالكاري', 17.95, NULL, 5),
(31, 'Sea Food', 'مكرونة سي قود', 29.95, NULL, 5),
(32, 'Piccata Mushroom', 'طبق بيكاتا مشرو1', 39.95, NULL, 6),
(33, 'Mexican Chicken', 'طبق فراخ مكسيكان', 34.95, NULL, 6),
(34, 'Fried Cutlet Chicken', 'طبق فراخ بانيه', 37.95, NULL, 6),
(35, 'Grilled Chicken Breasts', 'طبق فراخ مشوية', 34.95, NULL, 6),
(36, 'Chicken Curry', 'طبق فراخ بالكاري', 32.95, NULL, 6),
(37, 'Fried Cutlet Veal', 'طبق فراخ بانيه', 39.95, NULL, 6),
(38, 'Alexandrian Liver', 'طبق كبدة اسكندراني', 29.95, NULL, 6),
(39, 'Charcoal Grilled Liver', 'طبق كبدة مشوية على الفحم', 39.95, NULL, 6),
(40, 'Veggie Platter', 'طبق خضار مشكل', 17.95, NULL, 6),
(41, 'Fried Squid', 'طبق سبيط مقلي', 39.95, NULL, 6),
(42, 'Squid Tajine ', 'طاجن السبيط', 34.95, NULL, 6),
(43, 'Veal Chops', 'شرائح البتلو', 49.95, NULL, 7),
(44, 'New York Stick ', 'نيويورك ستيك', 44.95, NULL, 7),
(45, 'Greek Stick', 'جريك ستيك', 44.95, NULL, 7),
(46, 'Chicken Kiev', 'ساندوتش فراخ كيف', 18.95, NULL, 8),
(47, 'Chicken Parmesan', 'ساندوتش فراخ بارمجان', 18.95, NULL, 8),
(48, 'Meatball Parmesan', 'ساندوتش ميتبول بارمجان', 18.95, NULL, 8),
(49, 'Chicken Catcha-Tory', 'ساندوتش شيكين كاتشاتوري', 18.95, NULL, 8),
(50, 'Fried Cutlet Chicken', 'ساندوتش فراخ بانيه', 18.95, NULL, 8),
(51, 'Mexican Chicken', 'ساندوتش فراخ مكسيكان', 18.95, NULL, 8),
(52, 'Cajun chicken', 'ساندوتش فراخ كاجون', 18.95, NULL, 8),
(53, 'Shish Tawook', 'ساندوتش شيش طاووق', 17, NULL, 8),
(54, 'Chicken Curry', 'ساندوتش فراخ بالكاري', 18.95, NULL, 8),
(55, 'Grilled chicken breasts ', 'ساندوتش صدور لراخ مشوية', 18.95, NULL, 8),
(56, 'Grilled liver ', 'ساندوتش كبدة مشوية', 18.95, NULL, 8),
(57, 'Alexandrian liver ', 'ساندوتش كبدة اسكندراني', 17.95, NULL, 8),
(58, 'Hot Dog', 'ساندوتش هوت دوج', 16.95, NULL, 8),
(59, 'Philadelphia Stick', 'ساندوتش فيلادلفيا ستيك', 19.95, NULL, 8),
(60, 'Fried Cutlet Veal', 'ساندتش اسكالوب بانيه', 19.95, NULL, 8),
(61, 'Fried Squid', 'شاندوتش سبيط مقلي', 22.95, NULL, 8),
(62, 'Fried Shrimps', 'ساندوتش جمبري مقلي', 22.95, NULL, 8),
(63, 'Mexican Shrimp', 'ساندوتش جمبري مكسيكان', 21.95, NULL, 8),
(64, 'Tuna', 'ساندوتش سلطة تونة', 19.95, NULL, 8),
(65, 'California Burger', 'برجر كاليفورنيا', 17.95, NULL, 9),
(66, 'Chicken Burger', 'برجر فراخ', 16.95, NULL, 9),
(67, 'BBQ Burger', 'برجر باربكيو', 17.95, NULL, 9),
(68, 'Deluxe Burger', 'برجر ديلوكس', 19.95, NULL, 9),
(69, 'Chicken BBQ Burger', 'برجر فراخ', 19.95, NULL, 9),
(70, 'Veggie Burger', 'برجر خضروات', 12.95, NULL, 9),
(71, 'Margarita', 'بيتزا مارجريتا', 19.95, NULL, 10),
(72, 'Vegetarian', 'بيتزا فيجيتيريان', 20.95, NULL, 10),
(73, 'Mushroom', 'بيتزا مشروم', 21.95, NULL, 10),
(74, 'Shrimps', 'بيتزا جمبري', 26.95, NULL, 10),
(75, 'Olive', 'بيتزا زيتون', 21.95, NULL, 10),
(76, 'Pepperoni', 'بيتزا بيبيروني', 22.95, NULL, 10),
(77, 'Sausage', 'بيتزا سجق', 22.95, NULL, 10),
(78, 'Tuna', 'بيتزا تونة', 23.95, NULL, 10),
(79, 'Chicken Barbeque', 'بيتزا فراخ و باربيكيو', 23.95, NULL, 10),
(80, 'Anchovy', 'بيتزا انشوجة', 23.95, NULL, 10),
(81, 'Mincemeat', 'بيتزا لحمة مفرومة', 21.95, NULL, 10),
(82, 'Ristretto', 'ريستريتو', 9.95, NULL, 11),
(83, 'Espresso', 'اكسبريسو', 9.95, NULL, 11),
(84, 'Espresso Chocolate', 'اكسبيسو شوكولاتة', 11.95, NULL, 11),
(85, 'Espresso Macchiato', 'اكسبريسو ماكياطو', 11.95, NULL, 11),
(86, 'Turkish', 'قهوة تركي', 8.95, NULL, 11),
(87, 'Cappuccino', 'كابتشينو', 11.95, NULL, 11),
(88, 'Cafe Latte', 'كافيه لاتيه', 11.95, NULL, 11),
(89, 'Cafe Mocha', 'كافيه موكا', 11.95, NULL, 11),
(90, 'American Filter coffee', 'اميريكان كوفي', 11.95, NULL, 11),
(91, 'Hammer Head ', 'هامار هيد', 14.95, NULL, 11),
(92, 'Cafe Nutella', 'كافيه نوتيلا', 13.95, NULL, 11),
(93, 'Cafe Maltesers', 'كافيه مالتيزرز', 13.95, NULL, 11),
(94, 'Cafe Flutes', 'كافيه فلوتس', 13.95, NULL, 11),
(95, 'Cafe Jamaica', 'كافيه جامايكا', 13.95, NULL, 11),
(96, 'Flavored Coffee', 'قهوة نكهات', 13.95, NULL, 11),
(97, 'Iced Latte', 'ايس لاتيه', 12.95, NULL, 12),
(98, 'Iced Mocha', 'ايس موكا', 12.95, NULL, 12),
(99, 'Mocha Frappe Coffee', 'موكا فرابيه', 13.95, NULL, 12),
(101, 'Green Tea', 'شاي اخضر', 8.95, '', 13),
(102, 'Flavored Tea', 'شاي نكهات', 9.95, '', 13),
(103, 'Mint Tea', 'شاي بالنعناع', 7.95, '', 13),
(104, 'Earl Gray', 'شاي ايرل جراي', 9.95, '', 13),
(107, 'Hot Chocolate Hazelnuts', 'هوت شوكوليت هازلنتس', 10.95, '', 14),
(108, 'Vitamin-C', 'فيتامين - سي', 9.95, '', 14),
(109, 'Iced Chocolate', 'ايس كابتشينو', 10.95, '', 14),
(110, 'Iced Mint', 'نعناع باءد', 9.95, '', 14),
(111, 'Mango', 'مانجو', 11.95, NULL, 15),
(112, 'Strawberry', 'فراول', 11.95, NULL, 15),
(113, 'Banana', 'موز', 11.95, NULL, 15),
(114, 'Orange', 'برتفال', 10.95, NULL, 15),
(115, 'Lemonade', 'ليمون', 10.95, NULL, 15),
(116, 'Grenadine', 'جراندينا', 11.95, NULL, 15),
(117, 'Pomegranate', 'رمان', 12.95, NULL, 15),
(118, 'Cantaloupe', 'كانتلوب', 11.95, NULL, 15),
(119, 'Watermelon', 'بطيخ', 11.95, NULL, 15),
(120, 'Margarita', 'كوكتيل مارجريتا', 13.95, NULL, 16),
(121, 'Fliger', 'كوكتيل فليجر', 12.95, NULL, 16),
(122, 'Cherry cola', 'شيري كولا', 12.95, NULL, 16),
(123, 'Sun Rise', 'صن رايز', 13.95, NULL, 16),
(124, 'Italian Soda', 'ايطاليان صودا', 12.95, NULL, 16),
(125, 'Samba', 'سامبا', 14.95, NULL, 16),
(126, 'Rosanna Banana', 'روزانا بانانا', 13.95, NULL, 16),
(127, 'Penacolada', 'بيناكولادا', 13.95, NULL, 16),
(128, 'Yoghurt', 'كوكتيل زبادي', 13.95, NULL, 16),
(129, 'Virgin Mary', 'كوكتيل فيرجين ماري', 10.95, NULL, 16),
(130, 'Florida', 'كوكتيل فلوريدا', 13.95, NULL, 16),
(131, 'Mango Milk Shake', 'ميلك شيك مانجو', 12.95, NULL, 17),
(132, 'Strewberry Milk Shake', 'ميلك شيك فراولة', 12.95, NULL, 17),
(133, 'Chocolate Milk Shake', 'ميلك شيك شوكولاتة', 12.95, NULL, 17),
(134, 'Mocha Milk Shake', 'ميلك شيك نعناع', 12.95, NULL, 17),
(135, 'Coffee Milk Shake', 'ميلك شيك قهوة', 12.95, NULL, 17),
(136, 'Vanilla Milk Shake', 'ميلك شيك فانيليا', 12.95, NULL, 17),
(137, 'Mint Milk Shake', 'ميلك شيك نعنتع', 12.95, NULL, 17),
(138, 'Boreo Milk Shake', 'ميلك شيك بوريو', 13.95, NULL, 17),
(139, 'Soda', 'صودا', 7, NULL, 18),
(140, 'Mineral Water(s)', 'مياه معدنية', 3, NULL, 18),
(141, 'Mineral Water', 'مياه معدنية', 5, NULL, 18),
(142, 'Club Soda', 'كلوب صودا', 7.5, NULL, 18),
(143, 'Tonic', 'تونيك', 7.5, NULL, 18),
(144, 'Birrel', 'بيريل', 7.5, NULL, 18),
(145, 'Fayrooz', 'فيروز', 7.5, NULL, 18),
(146, 'Profit Roll', 'بروفيترول', 14.95, NULL, 19),
(147, 'Chocolate Lovers', 'شوكوليت لوقرز', 19.95, NULL, 19),
(148, 'Chocolate Lovers Turtle', 'ترتل شوكوليت لوفرز', 16.95, NULL, 19),
(149, 'Chocolate Cake', 'شوكوليت كيك', 14.95, NULL, 19),
(150, 'Banana Split', 'بانانا سبليت', 22.95, NULL, 19),
(151, 'Fudge Brownies', 'فدج براونيز', 16.95, NULL, 19),
(152, 'Cob Jock', 'كوب جاك', 15.95, NULL, 19),
(153, 'Oreo Madness', 'اوريو مادنس', 18.95, NULL, 19),
(154, 'Om-Ali', 'ام علي', 13.95, NULL, 19),
(155, 'Creme Caramel', 'كريم كراميل', 11.95, NULL, 19),
(156, 'Chocolate Mousse', 'موس شوكولاتة', 15.95, NULL, 19),
(157, 'Ice Cream', 'ايس كريم', 16.95, NULL, 19),
(158, 'Desserts Crepe', 'كريب حلو', 12.95, NULL, 19),
(159, 'Rice Pudding', 'رز باللبن', 10.95, NULL, 19),
(160, 'Rice Pudding(Ice Cream)', 'رز باللبن بالايس كريم', 14.95, NULL, 19),
(161, 'Fruits Jelly', 'جيلي فواكه', 13.95, NULL, 19),
(167, 'fasd', 'خضار مشوي على الفحم', 21.95, '', 2),
(168, 'english', 'عربي', 12.95, NULL, 1),
(169, 'asdfSAEF', 'afadsasef', 1212, NULL, 1),
(176, 'c21App', 'عربي', 12, NULL, 1),
(177, 'mashinkahh', 'مشينكاح', 45, NULL, 8),
(178, 'mashinkahh', 'مشينكاح', 45, NULL, 1),
(179, 'Zzalott', 'طلوط مقلي', 12, NULL, 1),
(180, 'Club21 Special Breakfast', 'افطار Club21', 20, NULL, 1);

-- --------------------------------------------------------

--
-- Table structure for table `c21_products_items`
--

CREATE TABLE `c21_products_items` (
  `id` int(11) NOT NULL,
  `product_id` int(11) NOT NULL,
  `item_id` int(11) NOT NULL,
  `amount` double NOT NULL
) ENGINE=InnoDB DEFAULT CHARSET=utf8;

--
-- Dumping data for table `c21_products_items`
--

INSERT INTO `c21_products_items` (`id`, `product_id`, `item_id`, `amount`) VALUES
(28, 1, 35, 5),
(30, 28, 17, 2),
(43, 4, 38, 1),
(44, 2, 35, 5),
(46, 1, 34, 0.2),
(47, 3, 35, 4),
(48, 10, 5, 0.1),
(49, 11, 5, 0.1),
(50, 6, 5, 0.1),
(51, 3, 4, 0.1),
(53, 12, 44, 0.2),
(54, 43, 1, 0.2),
(55, 42, 45, 0.2),
(56, 60, 1, 0.1),
(57, 61, 45, 0.1),
(58, 15, 46, 1),
(59, 24, 17, 0.1),
(60, 25, 5, 0.1),
(61, 32, 1, 0.2),
(63, 34, 5, 0.2),
(65, 8, 44, 0.1),
(66, 33, 5, 0.2),
(68, 37, 5, 0.2),
(77, 2, 12, 0.6),
(78, 2, 18, 0.1),
(79, 27, 18, 0.1),
(81, 1, 3, 0.1),
(82, 27, 44, 0.1),
(83, 27, 19, 0.6),
(84, 27, 15, 3),
(86, 26, 3, 0.1),
(88, 26, 5, 0.1),
(89, 1, 1, 0.1),
(90, 5, 1, 0.1),
(92, 5, 18, 0.1),
(93, 5, 16, 0.1),
(94, 7, 14, 0.1),
(96, 7, 5, 0.1),
(97, 7, 17, 0.1);

-- --------------------------------------------------------

--
-- Table structure for table `c21_sessions`
--

CREATE TABLE `c21_sessions` (
  `session_id` varchar(40) NOT NULL DEFAULT '0',
  `ip_address` varchar(45) NOT NULL DEFAULT '0',
  `user_agent` varchar(120) NOT NULL,
  `last_activity` int(10) UNSIGNED NOT NULL DEFAULT '0',
  `user_data` text NOT NULL,
  `username` varchar(100) NOT NULL
) ENGINE=InnoDB DEFAULT CHARSET=utf8;

--
-- Dumping data for table `c21_sessions`
--

INSERT INTO `c21_sessions` (`session_id`, `ip_address`, `user_agent`, `last_activity`, `user_data`, `username`) VALUES
('0', '0', '', 0, '', 'admin');

-- --------------------------------------------------------

--
-- Table structure for table `c21_settings`
--

CREATE TABLE `c21_settings` (
  `id` int(11) NOT NULL,
  `name` text NOT NULL,
  `value` text NOT NULL,
  `arabic` text NOT NULL,
  `enabled` tinyint(1) NOT NULL DEFAULT '1'
) ENGINE=InnoDB DEFAULT CHARSET=utf8;

--
-- Dumping data for table `c21_settings`
--

INSERT INTO `c21_settings` (`id`, `name`, `value`, `arabic`, `enabled`) VALUES
(1, 'general_limit', '6', 'عدد النتائج في جداول البرنامج\r\n', 1),
(2, 'approximation', '4', 'تقريب حسابات الفواتير', 1),
(3, 'service', '12\r\n', 'نسبة الخدمة', 1),
(4, 'tax', '10', 'نسبة الضريبة', 0),
(5, 'stock', '2', 'الخصم من المخزن', 1);

-- --------------------------------------------------------

--
-- Table structure for table `c21_stocks`
--

CREATE TABLE `c21_stocks` (
  `id` int(11) NOT NULL,
  `name` text NOT NULL,
  `description` text NOT NULL
) ENGINE=InnoDB DEFAULT CHARSET=utf8;

--
-- Dumping data for table `c21_stocks`
--

INSERT INTO `c21_stocks` (`id`, `name`, `description`) VALUES
(1, 'المخزن الرئيسي', 'ما يوجد من احتياطي في المكان'),
(2, 'المخزن الفرعي', 'هي الكميات المستخدمة في الكافيتريا اة المطبخ');

-- --------------------------------------------------------

--
-- Table structure for table `c21_stocks_transactions`
--

CREATE TABLE `c21_stocks_transactions` (
  `id` int(11) NOT NULL,
  `stock_id` int(11) NOT NULL,
  `item_id` int(11) NOT NULL,
  `qty` double NOT NULL,
  `created` datetime NOT NULL DEFAULT CURRENT_TIMESTAMP,
  `notes` text NOT NULL,
  `type` int(11) NOT NULL DEFAULT '1'
) ENGINE=InnoDB DEFAULT CHARSET=utf8;

-- --------------------------------------------------------

--
-- Table structure for table `c21_stocks_transactions_types`
--

CREATE TABLE `c21_stocks_transactions_types` (
  `id` int(11) NOT NULL,
  `name` varchar(10) NOT NULL,
  `description` text NOT NULL
) ENGINE=InnoDB DEFAULT CHARSET=utf8;

--
-- Dumping data for table `c21_stocks_transactions_types`
--

INSERT INTO `c21_stocks_transactions_types` (`id`, `name`, `description`) VALUES
(1, 'صرف', 'الصرف من المخزن'),
(2, 'اضافة', 'اضافة خامات الى المخزن'),
(3, 'سحب', 'سحب من المخزن للعميل');

-- --------------------------------------------------------

--
-- Table structure for table `c21_stock_items`
--

CREATE TABLE `c21_stock_items` (
  `id` int(11) NOT NULL,
  `item_id` int(11) NOT NULL,
  `stock_id` int(11) NOT NULL,
  `current_qty` double NOT NULL,
  `unit` int(11) NOT NULL
) ENGINE=InnoDB DEFAULT CHARSET=utf8;

--
-- Dumping data for table `c21_stock_items`
--

INSERT INTO `c21_stock_items` (`id`, `item_id`, `stock_id`, `current_qty`, `unit`) VALUES
(34, 43, 1, 0, 0),
(35, 43, 2, 500, 0),
(36, 14, 1, 45, 0),
(37, 14, 2, 894.3, 0),
(38, 12, 1, 200, 0),
(39, 12, 2, 4774.799999999999, 0),
(40, 19, 2, 370, 0),
(41, 13, 2, 794, 0),
(42, 40, 1, 200, 0),
(43, 18, 2, 71.80000000000001, 0),
(44, 4, 2, 20, 0),
(45, 35, 2, -1871, 0),
(46, 35, 1, 700, 0),
(47, 1, 1, 0, 0),
(48, 17, 1, 0, 0),
(49, 34, 2, -76.4, 0),
(50, 1, 2, 2.1999999999999997, 0),
(51, 17, 2, 9.200000000000001, 0);

-- --------------------------------------------------------

--
-- Table structure for table `c21_users`
--

CREATE TABLE `c21_users` (
  `id` int(11) NOT NULL,
  `name` varchar(100) NOT NULL,
  `username` varchar(100) NOT NULL,
  `password` varchar(100) NOT NULL,
  `role` varchar(10) NOT NULL DEFAULT 'cachier',
  `phone` varchar(20) NOT NULL
) ENGINE=InnoDB DEFAULT CHARSET=utf8;

--
-- Dumping data for table `c21_users`
--

INSERT INTO `c21_users` (`id`, `name`, `username`, `password`, `role`, `phone`) VALUES
(1, 'admin', 'admin', '202cb962ac59075b964b07152d234b70', 'admin', ''),
(2, 'muhammad', 'm.medhat', '202cb962ac59075b964b07152d234b70', 'cachier', ''),
(7, 'Muhammad', 'a', '0cc175b9c0f1b6a831c399e269772661', 'cachier', ''),
(8, 'mmm', 'mm', 'b3cd915d758008bd19d0f2428fbb354a', 'cachier', ''),
(9, '1111', '1', 'c4ca4238a0b923820dcc509a6f75849b', 'cachier', ''),
(10, 'g', 'g', 'b2f5ff47436671b6e533d8dc3614845d', 'cachier', ''),
(11, 'l', 'l', '2db95e8e1a9267b7a1188556b2013b33', 'cachier', ''),
(12, 'h', 'h', '2510c39011c5be704182423e3a695e91', 'cachier', '');

-- --------------------------------------------------------

--
-- Table structure for table `c21_work_shifts`
--

CREATE TABLE `c21_work_shifts` (
  `id` int(11) NOT NULL,
  `date` date NOT NULL,
  `start_time` time NOT NULL,
  `end_time` time NOT NULL,
  `notes` text NOT NULL,
  `closed` tinyint(4) NOT NULL DEFAULT '0',
  `username` varchar(20) NOT NULL
) ENGINE=InnoDB DEFAULT CHARSET=utf8;

--
-- Dumping data for table `c21_work_shifts`
--

INSERT INTO `c21_work_shifts` (`id`, `date`, `start_time`, `end_time`, `notes`, `closed`, `username`) VALUES
(1, '2017-04-25', '22:36:58', '00:00:00', '', 0, '1');

--
-- Indexes for dumped tables
--

--
-- Indexes for table `c21_categories`
--
ALTER TABLE `c21_categories`
  ADD PRIMARY KEY (`id`);

--
-- Indexes for table `c21_ci_sessions`
--
ALTER TABLE `c21_ci_sessions`
  ADD KEY `ci_sessions_timestamp` (`timestamp`);

--
-- Indexes for table `c21_customers`
--
ALTER TABLE `c21_customers`
  ADD PRIMARY KEY (`id`);

--
-- Indexes for table `c21_customers_sections`
--
ALTER TABLE `c21_customers_sections`
  ADD PRIMARY KEY (`id`);

--
-- Indexes for table `c21_deffered_stock_items`
--
ALTER TABLE `c21_deffered_stock_items`
  ADD PRIMARY KEY (`id`);

--
-- Indexes for table `c21_finances_moneycase`
--
ALTER TABLE `c21_finances_moneycase`
  ADD PRIMARY KEY (`id`);

--
-- Indexes for table `c21_finances_shifts`
--
ALTER TABLE `c21_finances_shifts`
  ADD PRIMARY KEY (`id`);

--
-- Indexes for table `c21_items`
--
ALTER TABLE `c21_items`
  ADD PRIMARY KEY (`id`);

--
-- Indexes for table `c21_items_categories`
--
ALTER TABLE `c21_items_categories`
  ADD PRIMARY KEY (`id`);

--
-- Indexes for table `c21_items_units`
--
ALTER TABLE `c21_items_units`
  ADD PRIMARY KEY (`id`);

--
-- Indexes for table `c21_orders`
--
ALTER TABLE `c21_orders`
  ADD PRIMARY KEY (`id`);

--
-- Indexes for table `c21_order_details`
--
ALTER TABLE `c21_order_details`
  ADD PRIMARY KEY (`id`),
  ADD KEY `order_idz` (`order_id`);

--
-- Indexes for table `c21_order_details_summery`
--
ALTER TABLE `c21_order_details_summery`
  ADD PRIMARY KEY (`id`),
  ADD KEY `order_idz` (`order_id`);

--
-- Indexes for table `c21_order_types`
--
ALTER TABLE `c21_order_types`
  ADD PRIMARY KEY (`id`);

--
-- Indexes for table `c21_products`
--
ALTER TABLE `c21_products`
  ADD PRIMARY KEY (`id`),
  ADD KEY `category` (`cat_id`);

--
-- Indexes for table `c21_products_items`
--
ALTER TABLE `c21_products_items`
  ADD PRIMARY KEY (`id`);

--
-- Indexes for table `c21_sessions`
--
ALTER TABLE `c21_sessions`
  ADD PRIMARY KEY (`session_id`),
  ADD KEY `last_activity_idx` (`last_activity`);

--
-- Indexes for table `c21_settings`
--
ALTER TABLE `c21_settings`
  ADD PRIMARY KEY (`id`);

--
-- Indexes for table `c21_stocks`
--
ALTER TABLE `c21_stocks`
  ADD PRIMARY KEY (`id`);

--
-- Indexes for table `c21_stocks_transactions`
--
ALTER TABLE `c21_stocks_transactions`
  ADD PRIMARY KEY (`id`);

--
-- Indexes for table `c21_stocks_transactions_types`
--
ALTER TABLE `c21_stocks_transactions_types`
  ADD PRIMARY KEY (`id`);

--
-- Indexes for table `c21_stock_items`
--
ALTER TABLE `c21_stock_items`
  ADD PRIMARY KEY (`id`);

--
-- Indexes for table `c21_users`
--
ALTER TABLE `c21_users`
  ADD PRIMARY KEY (`id`);

--
-- Indexes for table `c21_work_shifts`
--
ALTER TABLE `c21_work_shifts`
  ADD PRIMARY KEY (`id`);

--
-- AUTO_INCREMENT for dumped tables
--

--
-- AUTO_INCREMENT for table `c21_categories`
--
ALTER TABLE `c21_categories`
  MODIFY `id` int(11) NOT NULL AUTO_INCREMENT, AUTO_INCREMENT=20;
--
-- AUTO_INCREMENT for table `c21_customers`
--
ALTER TABLE `c21_customers`
  MODIFY `id` int(11) NOT NULL AUTO_INCREMENT, AUTO_INCREMENT=13;
--
-- AUTO_INCREMENT for table `c21_customers_sections`
--
ALTER TABLE `c21_customers_sections`
  MODIFY `id` int(11) NOT NULL AUTO_INCREMENT, AUTO_INCREMENT=3;
--
-- AUTO_INCREMENT for table `c21_deffered_stock_items`
--
ALTER TABLE `c21_deffered_stock_items`
  MODIFY `id` int(11) NOT NULL AUTO_INCREMENT, AUTO_INCREMENT=287;
--
-- AUTO_INCREMENT for table `c21_finances_moneycase`
--
ALTER TABLE `c21_finances_moneycase`
  MODIFY `id` int(11) NOT NULL AUTO_INCREMENT, AUTO_INCREMENT=28;
--
-- AUTO_INCREMENT for table `c21_finances_shifts`
--
ALTER TABLE `c21_finances_shifts`
  MODIFY `id` int(11) NOT NULL AUTO_INCREMENT, AUTO_INCREMENT=61;
--
-- AUTO_INCREMENT for table `c21_items`
--
ALTER TABLE `c21_items`
  MODIFY `id` int(11) NOT NULL AUTO_INCREMENT, AUTO_INCREMENT=48;
--
-- AUTO_INCREMENT for table `c21_items_categories`
--
ALTER TABLE `c21_items_categories`
  MODIFY `id` int(11) NOT NULL AUTO_INCREMENT, AUTO_INCREMENT=311;
--
-- AUTO_INCREMENT for table `c21_items_units`
--
ALTER TABLE `c21_items_units`
  MODIFY `id` int(11) NOT NULL AUTO_INCREMENT, AUTO_INCREMENT=4;
--
-- AUTO_INCREMENT for table `c21_orders`
--
ALTER TABLE `c21_orders`
  MODIFY `id` int(11) NOT NULL AUTO_INCREMENT, AUTO_INCREMENT=7;
--
-- AUTO_INCREMENT for table `c21_order_details`
--
ALTER TABLE `c21_order_details`
  MODIFY `id` int(11) NOT NULL AUTO_INCREMENT, AUTO_INCREMENT=22;
--
-- AUTO_INCREMENT for table `c21_order_details_summery`
--
ALTER TABLE `c21_order_details_summery`
  MODIFY `id` int(11) NOT NULL AUTO_INCREMENT;
--
-- AUTO_INCREMENT for table `c21_order_types`
--
ALTER TABLE `c21_order_types`
  MODIFY `id` int(11) NOT NULL AUTO_INCREMENT, AUTO_INCREMENT=4;
--
-- AUTO_INCREMENT for table `c21_products`
--
ALTER TABLE `c21_products`
  MODIFY `id` int(11) NOT NULL AUTO_INCREMENT, AUTO_INCREMENT=181;
--
-- AUTO_INCREMENT for table `c21_products_items`
--
ALTER TABLE `c21_products_items`
  MODIFY `id` int(11) NOT NULL AUTO_INCREMENT, AUTO_INCREMENT=98;
--
-- AUTO_INCREMENT for table `c21_settings`
--
ALTER TABLE `c21_settings`
  MODIFY `id` int(11) NOT NULL AUTO_INCREMENT, AUTO_INCREMENT=6;
--
-- AUTO_INCREMENT for table `c21_stocks`
--
ALTER TABLE `c21_stocks`
  MODIFY `id` int(11) NOT NULL AUTO_INCREMENT, AUTO_INCREMENT=3;
--
-- AUTO_INCREMENT for table `c21_stocks_transactions`
--
ALTER TABLE `c21_stocks_transactions`
  MODIFY `id` int(11) NOT NULL AUTO_INCREMENT;
--
-- AUTO_INCREMENT for table `c21_stocks_transactions_types`
--
ALTER TABLE `c21_stocks_transactions_types`
  MODIFY `id` int(11) NOT NULL AUTO_INCREMENT, AUTO_INCREMENT=4;
--
-- AUTO_INCREMENT for table `c21_stock_items`
--
ALTER TABLE `c21_stock_items`
  MODIFY `id` int(11) NOT NULL AUTO_INCREMENT, AUTO_INCREMENT=52;
--
-- AUTO_INCREMENT for table `c21_users`
--
ALTER TABLE `c21_users`
  MODIFY `id` int(11) NOT NULL AUTO_INCREMENT, AUTO_INCREMENT=13;
--
-- AUTO_INCREMENT for table `c21_work_shifts`
--
ALTER TABLE `c21_work_shifts`
  MODIFY `id` int(11) NOT NULL AUTO_INCREMENT, AUTO_INCREMENT=2;
/*!40101 SET CHARACTER_SET_CLIENT=@OLD_CHARACTER_SET_CLIENT */;
/*!40101 SET CHARACTER_SET_RESULTS=@OLD_CHARACTER_SET_RESULTS */;
/*!40101 SET COLLATION_CONNECTION=@OLD_COLLATION_CONNECTION */;
