-- phpMyAdmin SQL Dump
-- version 4.5.1
-- http://www.phpmyadmin.net
--
-- Host: 127.0.0.1
-- Generation Time: Jun 12, 2017 at 04:11 AM
-- Server version: 10.1.19-MariaDB
-- PHP Version: 5.6.28

SET SQL_MODE = "NO_AUTO_VALUE_ON_ZERO";
SET time_zone = "+00:00";


/*!40101 SET @OLD_CHARACTER_SET_CLIENT=@@CHARACTER_SET_CLIENT */;
/*!40101 SET @OLD_CHARACTER_SET_RESULTS=@@CHARACTER_SET_RESULTS */;
/*!40101 SET @OLD_COLLATION_CONNECTION=@@COLLATION_CONNECTION */;
/*!40101 SET NAMES utf8mb4 */;

--
-- Database: `work_c21`
--

-- --------------------------------------------------------

--
-- Table structure for table `c21_categories`
--

CREATE TABLE `c21_categories` (
  `id` int(11) NOT NULL,
  `name` varchar(100) NOT NULL,
  `desc` text,
  `arabic` varchar(255) NOT NULL
) ENGINE=InnoDB DEFAULT CHARSET=utf8;

--
-- Dumping data for table `c21_categories`
--

INSERT INTO `c21_categories` (`id`, `name`, `desc`, `arabic`) VALUES
(1, 'Breakfast', NULL, 'وجبات الافطار'),
(2, 'Appetizers', NULL, 'المقبلات'),
(3, 'Salads', NULL, 'السلطات'),
(4, 'Soups', NULL, 'الشوربة'),
(5, 'Pasta', NULL, 'المكرونة'),
(6, 'Main Courses', NULL, 'الوجبات الرئيسية'),
(7, 'Sticks', NULL, 'ستبك'),
(8, 'Sandwiches', NULL, 'ساندوتشات'),
(9, 'Our Home Made Burger', NULL, 'برجر بيتي'),
(10, 'Pizza', NULL, 'بيتزا'),
(11, 'Hot Coffee', NULL, 'قهوة ساخنة'),
(12, 'Iced Coffee', NULL, 'قهوة باردة'),
(13, 'Tea', NULL, 'شاي'),
(14, 'Others', NULL, 'مشروبات اخرى'),
(15, 'Fresh juices', NULL, 'عصائر طبيعية'),
(16, 'Cocktails', NULL, 'الكوكتيلات'),
(17, 'Shakes', NULL, 'ميلك شيك'),
(18, 'Soft Drinks', NULL, 'مشروبات'),
(19, 'Desserts', NULL, 'حلويات'),
(20, 'zfadsf', NULL, ''),
(21, '', NULL, 'sgdfgfdgs');

-- --------------------------------------------------------

--
-- Table structure for table `c21_ci_sessions`
--

CREATE TABLE `c21_ci_sessions` (
  `id` varchar(128) NOT NULL,
  `ip_address` varchar(45) NOT NULL,
  `timestamp` int(10) UNSIGNED NOT NULL DEFAULT '0',
  `data` blob NOT NULL
) ENGINE=InnoDB DEFAULT CHARSET=utf8;

-- --------------------------------------------------------

--
-- Table structure for table `c21_customers`
--

CREATE TABLE `c21_customers` (
  `id` int(11) NOT NULL,
  `name` varchar(50) NOT NULL,
  `is_available` tinyint(1) NOT NULL DEFAULT '1',
  `section_id` int(11) NOT NULL
) ENGINE=InnoDB DEFAULT CHARSET=utf8;

--
-- Dumping data for table `c21_customers`
--

INSERT INTO `c21_customers` (`id`, `name`, `is_available`, `section_id`) VALUES
(50, 't_1', 1, 1),
(52, 't_2', 1, 1),
(64, 'table__63', 1, 2),
(112, 'زرع111', 1, 3),
(114, 'زرع113', 1, 3),
(116, 'زرع115', 1, 3),
(118, 'فوق_117', 1, 4),
(119, 'فوق_', 1, 0),
(120, 'فوق_119', 1, 4),
(121, 'فوق_', 1, 0),
(122, 'فوق_121', 1, 4),
(123, 'فوق_', 1, 0),
(124, 'فوق_123', 1, 4),
(125, 'ص_', 1, 0),
(126, 'ص_125', 1, 2),
(127, 'ص_', 1, 0),
(128, 'ص_127', 1, 2),
(129, 'ص_', 1, 0),
(130, 'ص_129', 1, 2),
(131, 'ص_', 1, 0),
(132, 'ص_131', 1, 2),
(133, 'ص_', 1, 0),
(134, 'ص_133', 1, 2),
(135, 'ص_', 1, 0),
(136, 'ص_135', 1, 2);

-- --------------------------------------------------------

--
-- Table structure for table `c21_customers_sections`
--

CREATE TABLE `c21_customers_sections` (
  `id` int(11) NOT NULL,
  `name` varchar(255) NOT NULL
) ENGINE=InnoDB DEFAULT CHARSET=utf8;

--
-- Dumping data for table `c21_customers_sections`
--

INSERT INTO `c21_customers_sections` (`id`, `name`) VALUES
(1, 'القاعة الرئيسية'),
(2, 'المحل الصغير'),
(3, 'الجنينة'),
(4, 'الدور الاول');

-- --------------------------------------------------------

--
-- Table structure for table `c21_deffered_stock_items`
--

CREATE TABLE `c21_deffered_stock_items` (
  `id` int(11) NOT NULL,
  `item_id` int(11) NOT NULL,
  `amount` double NOT NULL,
  `shift_id` int(11) NOT NULL,
  `time` datetime NOT NULL DEFAULT CURRENT_TIMESTAMP,
  `is_stock_deduct` tinyint(1) NOT NULL DEFAULT '0' COMMENT 'if the record has been deducted from stock'
) ENGINE=InnoDB DEFAULT CHARSET=utf8;

--
-- Dumping data for table `c21_deffered_stock_items`
--

INSERT INTO `c21_deffered_stock_items` (`id`, `item_id`, `amount`, `shift_id`, `time`, `is_stock_deduct`) VALUES
(100, 38, 4, 132, '2017-02-16 19:58:24', 1),
(101, 35, 4, 132, '2017-02-16 21:22:18', 1),
(102, 34, 0.2, 132, '2017-02-16 21:22:18', 1),
(103, 38, 1, 133, '2017-02-16 21:32:08', 1),
(104, 38, 1, 134, '2017-02-16 21:53:27', 1),
(105, 35, 4, 135, '2017-02-16 22:35:11', 1),
(106, 34, 0.2, 135, '2017-02-16 22:35:11', 1),
(107, 35, 5, 135, '2017-02-16 22:35:11', 0),
(108, 38, 1, 135, '2017-02-16 22:52:05', 1),
(109, 35, 5, 135, '2017-02-16 22:52:05', 0),
(110, 5, 0.2, 135, '2017-02-25 00:38:36', 1),
(111, 44, 0.4, 135, '2017-02-25 00:38:36', 1),
(112, 35, 4, 135, '2017-02-25 00:38:36', 0),
(113, 34, 0.2, 135, '2017-02-25 00:38:36', 0),
(114, 38, 1, 135, '2017-02-25 00:38:36', 0),
(115, 35, 5, 135, '2017-02-25 00:38:36', 0),
(116, 44, 0.2, 135, '2017-02-25 00:38:36', 0),
(117, 35, 12, 135, '2017-02-25 00:38:48', 0),
(118, 34, 0.6, 135, '2017-02-25 00:38:48', 0),
(119, 35, 15, 135, '2017-02-25 00:38:48', 0),
(120, 38, 2, 135, '2017-02-25 00:38:48', 0),
(121, 5, 0.5, 135, '2017-02-25 00:39:02', 0),
(122, 35, 5, 135, '2017-02-25 00:39:02', 0),
(123, 35, 8, 135, '2017-02-25 00:39:02', 0),
(124, 34, 0.4, 135, '2017-02-25 00:39:02', 0),
(125, 5, 0.1, 136, '2017-03-03 05:13:21', 1),
(126, 38, 1, 136, '2017-03-03 20:50:21', 1),
(127, 38, 1, 136, '2017-03-03 21:05:25', 0),
(128, 35, 4, 136, '2017-03-03 21:07:23', 1),
(129, 34, 0.2, 136, '2017-03-03 21:07:23', 1),
(130, 38, 1, 136, '2017-03-03 21:07:23', 0),
(131, 35, 10, 136, '2017-03-03 21:07:23', 0),
(132, 35, 4, 136, '2017-03-03 21:14:20', 0),
(133, 34, 0.2, 136, '2017-03-03 21:14:20', 0),
(134, 35, 4, 136, '2017-03-03 21:14:35', 0),
(135, 34, 0.2, 136, '2017-03-03 21:14:35', 0),
(136, 17, 2, 136, '2017-03-03 21:15:00', 1),
(137, 35, 4, 136, '2017-03-03 21:17:44', 0),
(138, 34, 0.2, 136, '2017-03-03 21:17:44', 0),
(139, 35, 5, 136, '2017-03-03 21:17:44', 0),
(140, 38, 1, 136, '2017-03-03 21:17:44', 0),
(141, 35, 4, 136, '2017-03-03 21:18:01', 0),
(142, 34, 0.2, 136, '2017-03-03 21:18:01', 0),
(143, 35, 4, 136, '2017-03-03 21:23:31', 0),
(144, 34, 0.2, 136, '2017-03-03 21:23:31', 0),
(145, 5, 0.1, 136, '2017-03-03 21:34:22', 0),
(146, 44, 0.2, 136, '2017-03-03 21:34:35', 1),
(147, 5, 0.1, 136, '2017-03-03 21:35:47', 0),
(148, 5, 0.1, 136, '2017-03-03 21:35:47', 0),
(149, 35, 4, 136, '2017-03-03 21:44:34', 0),
(150, 34, 0.2, 136, '2017-03-03 21:44:34', 0),
(151, 35, 4, 136, '2017-03-03 21:48:29', 0),
(152, 34, 0.2, 136, '2017-03-03 21:48:29', 0),
(153, 38, 1, 136, '2017-03-03 21:48:29', 0),
(154, 5, 0.1, 136, '2017-03-03 21:49:13', 0),
(155, 35, 80, 137, '2017-03-06 00:20:27', 1),
(156, 34, 4, 137, '2017-03-06 00:20:27', 1),
(157, 35, 5, 137, '2017-03-06 00:20:27', 0),
(158, 5, 0.2, 138, '2017-03-06 00:23:48', 1),
(159, 1, 0.2, 138, '2017-03-06 00:23:48', 1),
(160, 38, 1, 138, '2017-03-06 00:23:48', 1),
(161, 35, 12, 138, '2017-03-06 00:23:48', 1),
(162, 34, 0.6, 138, '2017-03-06 00:23:48', 1),
(163, 35, 20, 139, '2017-03-06 00:25:31', 1),
(164, 35, 4, 139, '2017-03-06 00:25:31', 0),
(165, 34, 0.2, 139, '2017-03-06 00:25:31', 1),
(166, 38, 1, 140, '2017-03-09 23:08:50', 1),
(167, 35, 5, 140, '2017-03-09 23:08:50', 1),
(168, 35, 4, 140, '2017-03-09 23:08:50', 0),
(169, 34, 0.2, 140, '2017-03-09 23:08:50', 1),
(170, 35, 4, 140, '2017-03-15 00:59:21', 0),
(171, 34, 0.2, 140, '2017-03-15 00:59:21', 0),
(172, 38, 1, 140, '2017-03-15 00:59:21', 0),
(173, 35, 24, 141, '2017-03-15 01:03:11', 1),
(174, 34, 1.2, 141, '2017-03-15 01:03:11', 1),
(175, 35, 10, 142, '2017-03-15 01:06:09', 1),
(176, 34, 0.4, 142, '2017-03-15 01:06:09', 1),
(177, 35, 10, 142, '2017-03-15 01:06:09', 0),
(178, 38, 2, 142, '2017-03-15 01:06:09', 1),
(179, 35, 10, 143, '2017-03-15 01:08:23', 1),
(180, 34, 0.4, 143, '2017-03-15 01:08:23', 1),
(181, 35, 10, 143, '2017-03-15 01:08:23', 0),
(182, 5, 0.4, 144, '2017-03-17 20:46:14', 1),
(183, 44, 0.4, 144, '2017-03-17 20:46:14', 1),
(184, 5, 0.1, 144, '2017-03-17 20:46:14', 1),
(185, 35, 1660, 144, '2017-03-17 20:46:14', 1),
(186, 34, 66.4, 144, '2017-03-17 20:46:14', 1),
(187, 38, 1, 144, '2017-03-17 20:46:14', 1),
(188, 35, 15, 144, '2017-03-19 00:03:13', 1),
(189, 35, 15, 144, '2017-03-19 00:03:13', 1),
(190, 34, 0.6, 144, '2017-03-19 00:03:13', 1),
(191, 38, 1, 144, '2017-03-19 00:03:13', 1),
(192, 44, 0.2, 144, '2017-03-19 00:03:13', 1),
(193, 5, 0.2, 144, '2017-03-19 00:03:13', 1),
(194, 35, 15, 144, '2017-03-19 00:05:30', 1),
(195, 34, 0.6, 144, '2017-03-19 00:05:30', 1),
(196, 38, 1, 144, '2017-03-19 00:05:30', 1),
(197, 35, 10, 144, '2017-03-19 01:04:24', 1),
(198, 34, 0.4, 144, '2017-03-19 01:04:24', 1),
(199, 35, 5, 144, '2017-03-19 01:04:24', 1),
(200, 35, 5, 144, '2017-03-19 01:05:28', 1),
(201, 34, 0.2, 144, '2017-03-19 01:05:28', 1),
(202, 38, 6, 162, '2017-03-26 21:25:56', 0),
(203, 35, 45, 162, '2017-03-26 21:25:56', 0),
(204, 34, 1.8, 162, '2017-03-26 21:25:56', 0),
(205, 35, 60, 162, '2017-03-26 21:25:56', 0),
(206, 5, 4.5, 162, '2017-03-26 21:25:56', 0),
(207, 35, 10, 162, '2017-03-26 21:26:11', 0),
(208, 35, 10, 162, '2017-03-26 21:26:11', 0),
(209, 34, 0.4, 162, '2017-03-26 21:26:11', 0),
(210, 38, 1, 162, '2017-03-26 21:26:11', 0),
(211, 35, 10, 162, '2017-03-26 21:26:17', 0),
(212, 34, 0.4, 162, '2017-03-26 21:26:17', 0),
(213, 35, 5, 162, '2017-03-26 21:26:26', 0),
(214, 34, 0.2, 162, '2017-03-26 21:26:26', 0),
(215, 35, 5, 162, '2017-03-26 21:26:30', 0),
(216, 34, 0.2, 162, '2017-03-26 21:26:30', 0),
(217, 35, 5, 162, '2017-03-26 21:26:35', 0),
(218, 35, 5, 162, '2017-03-26 21:26:41', 0),
(219, 34, 0.2, 162, '2017-03-26 21:26:41', 0),
(220, 35, 5, 162, '2017-03-26 21:26:41', 0),
(221, 38, 41, 162, '2017-03-26 21:26:41', 0),
(222, 38, 1, 163, '2017-03-26 22:08:04', 0),
(223, 35, 5, 163, '2017-03-26 22:08:04', 0),
(224, 44, 0.2, 1, '2017-03-27 00:25:04', 1),
(225, 5, 0.1, 1, '2017-03-27 00:25:04', 1),
(226, 38, 1, 1, '2017-03-27 00:25:09', 1),
(227, 35, 10, 1, '2017-03-27 00:25:09', 1),
(228, 5, 0.2, 1, '2017-03-27 00:25:14', 1),
(229, 35, 15, 1, '2017-03-27 00:25:14', 1),
(230, 34, 0.6, 1, '2017-03-27 00:25:14', 1),
(231, 35, 5, 1, '2017-03-27 00:25:14', 1),
(232, 38, 2, 1, '2017-03-27 00:25:14', 1),
(233, 35, 5, 79, '2017-03-29 23:43:01', 1),
(234, 34, 0.2, 79, '2017-03-29 23:43:01', 1),
(235, 35, 5, 79, '2017-03-29 23:43:01', 1),
(236, 38, 1, 79, '2017-03-29 23:43:01', 1),
(237, 35, 10, 79, '2017-03-30 00:52:26', 0),
(238, 38, 2, 79, '2017-03-30 00:52:26', 1),
(239, 35, 5, 79, '2017-03-30 00:52:26', 0),
(240, 34, 0.2, 79, '2017-03-30 00:52:26', 1),
(241, 5, 0.1, 79, '2017-03-30 00:52:26', 1),
(242, 44, 0.2, 79, '2017-03-30 00:52:26', 1),
(243, 5, 0.1, 79, '2017-03-30 00:52:26', 1),
(244, 38, 1, 79, '2017-03-30 00:52:33', 0),
(245, 35, 5, 79, '2017-03-30 00:52:45', 0),
(246, 34, 0.2, 79, '2017-03-30 00:52:45', 0),
(247, 38, 1, 79, '2017-03-30 00:52:45', 0),
(248, 5, 0.1, 79, '2017-03-30 22:13:31', 0),
(249, 44, 0.2, 79, '2017-03-30 22:13:31', 1),
(250, 17, 0.1, 24, '2017-04-01 18:54:14', 1),
(251, 5, 0.1, 39, '2017-04-11 16:25:54', 1),
(252, 38, 1, 39, '2017-04-12 15:07:26', 1),
(253, 35, 10, 39, '2017-04-12 15:07:26', 1),
(254, 34, 0.4, 39, '2017-04-12 15:07:26', 1),
(255, 3, 0.2, 39, '2017-04-12 15:07:26', 1),
(256, 1, 0.2, 39, '2017-04-12 15:07:26', 1),
(257, 5, 0.1, 40, '2017-04-14 12:52:33', 1),
(258, 38, 1, 41, '2017-04-15 18:21:57', 1),
(259, 35, 5, 41, '2017-04-15 18:52:20', 1),
(260, 12, 0.6, 41, '2017-04-15 18:52:20', 1),
(261, 18, 0.1, 41, '2017-04-15 18:52:20', 1),
(262, 5, 0.1, 42, '2017-04-16 21:47:47', 1),
(263, 14, 0.6, 42, '2017-04-16 21:47:47', 1),
(264, 5, 0.6, 42, '2017-04-16 21:47:47', 0),
(265, 17, 0.6, 42, '2017-04-16 21:47:47', 1),
(266, 44, 0.2, 42, '2017-04-22 23:47:23', 1),
(267, 35, 5, 42, '2017-04-22 23:47:23', 1),
(268, 12, 0.6, 42, '2017-04-22 23:47:23', 1),
(269, 18, 0.1, 42, '2017-04-22 23:47:23', 1),
(270, 38, 1, 42, '2017-04-22 23:47:31', 1),
(271, 35, 130, 42, '2017-04-22 23:47:31', 0),
(272, 34, 5.2, 42, '2017-04-22 23:47:31', 1),
(273, 3, 2.6, 42, '2017-04-22 23:47:31', 1),
(274, 1, 2.6, 42, '2017-04-22 23:47:31', 1),
(275, 14, 0.1, 5, '2017-04-23 17:28:27', 1),
(276, 5, 0.1, 5, '2017-04-23 17:28:27', 1),
(277, 17, 0.1, 5, '2017-04-23 17:28:27', 1),
(278, 38, 1, 1, '2017-04-25 22:26:52', 1),
(279, 35, 5, 1, '2017-04-25 22:38:28', 1),
(280, 12, 0.6, 1, '2017-04-25 22:38:28', 1),
(281, 18, 0.1, 1, '2017-04-25 22:38:28', 1),
(282, 38, 1, 1, '2017-04-25 22:38:28', 0),
(283, 5, 0.1, 1, '2017-04-25 23:23:50', 1),
(284, 14, 0.1, 1, '2017-04-25 23:23:50', 1),
(285, 5, 0.1, 1, '2017-04-25 23:23:50', 0),
(286, 17, 0.1, 1, '2017-04-25 23:23:50', 1),
(287, 5, 0.2, 2, '2017-05-20 18:21:25', 0),
(288, 1, 0.2, 2, '2017-05-20 18:21:25', 0),
(289, 45, 0.2, 2, '2017-05-20 18:21:25', 0),
(290, 35, 5, 2, '2017-05-23 21:22:31', 0),
(291, 34, 0.2, 2, '2017-05-23 21:22:31', 0),
(292, 3, 0.1, 2, '2017-05-23 21:22:31', 0),
(293, 1, 0.1, 2, '2017-05-23 21:22:31', 0),
(294, 38, 1, 2, '2017-05-23 21:22:31', 0),
(295, 1, 0.1, 2, '2017-05-23 21:22:31', 0),
(296, 18, 0.1, 2, '2017-05-23 21:22:31', 0),
(297, 16, 0.1, 2, '2017-05-23 21:22:31', 0),
(298, 5, 0.1, 2, '2017-05-23 21:22:31', 0),
(299, 14, 0.2, 2, '2017-05-23 21:22:31', 0),
(300, 5, 0.2, 2, '2017-05-23 21:22:31', 0),
(301, 17, 0.2, 2, '2017-05-23 21:22:31', 0),
(302, 44, 0.2, 2, '2017-05-23 21:22:31', 0),
(303, 5, 0.2, 2, '2017-05-23 21:22:31', 0),
(304, 46, 1, 2, '2017-05-23 21:22:31', 0),
(305, 5, 0.1, 2, '2017-05-23 21:22:31', 0),
(306, 35, 5, 2, '2017-05-23 22:31:40', 0),
(307, 12, 0.6, 2, '2017-05-23 22:31:40', 0),
(308, 18, 0.1, 2, '2017-05-23 22:31:40', 0),
(309, 38, 1, 2, '2017-05-23 22:31:40', 0),
(310, 44, 0.2, 2, '2017-05-24 14:26:09', 0),
(311, 5, 0.1, 2, '2017-05-24 14:26:09', 0),
(312, 44, 0.2, 2, '2017-05-24 14:26:21', 0),
(313, 5, 0.1, 2, '2017-05-24 14:26:21', 0),
(314, 38, 1, 2, '2017-05-25 13:23:54', 0),
(315, 35, 5, 2, '2017-05-25 13:23:54', 0),
(316, 12, 0.6, 2, '2017-05-25 13:23:54', 0),
(317, 18, 0.1, 2, '2017-05-25 13:23:54', 0),
(318, 5, 0.1, 2, '2017-05-25 13:24:34', 0),
(319, 5, 0.1, 2, '2017-05-25 13:42:08', 0),
(320, 1, 0.1, 2, '2017-05-25 13:42:08', 0),
(321, 18, 0.1, 2, '2017-05-25 13:42:08', 0),
(322, 16, 0.1, 2, '2017-05-25 13:42:08', 0),
(323, 44, 0.1, 2, '2017-05-25 13:42:08', 0),
(324, 5, 0.1, 2, '2017-05-25 13:43:36', 0),
(325, 5, 0.1, 2, '2017-05-25 14:38:50', 0),
(326, 14, 0.1, 2, '2017-05-25 14:38:50', 0),
(327, 5, 0.1, 2, '2017-05-25 14:38:50', 0),
(328, 17, 0.1, 2, '2017-05-25 14:38:50', 0),
(329, 44, 0.1, 2, '2017-05-25 14:38:50', 0),
(330, 35, 5, 4, '2017-05-26 18:39:26', 1),
(331, 12, 0.6, 4, '2017-05-26 18:39:26', 1),
(332, 18, 0.1, 4, '2017-05-26 18:39:26', 1),
(333, 35, 5, 4, '2017-05-26 18:39:26', 0),
(334, 34, 0.2, 4, '2017-05-26 18:39:26', 1),
(335, 3, 0.1, 4, '2017-05-26 18:39:26', 1),
(336, 1, 0.1, 4, '2017-05-26 18:39:26', 1),
(337, 38, 1, 4, '2017-05-26 18:39:26', 1),
(338, 5, 0.1, 4, '2017-05-26 19:37:41', 1),
(339, 44, 0.2, 4, '2017-05-26 19:37:41', 1),
(340, 14, 0.1, 4, '2017-05-26 19:37:41', 1),
(341, 5, 0.1, 4, '2017-05-26 19:37:41', 0),
(342, 17, 0.1, 4, '2017-05-26 19:37:41', 1),
(343, 38, 1, 4, '2017-05-30 15:26:27', 0);

-- --------------------------------------------------------

--
-- Table structure for table `c21_finances_moneycase`
--

CREATE TABLE `c21_finances_moneycase` (
  `id` int(11) NOT NULL,
  `shift_id` int(11) NOT NULL,
  `date_time` datetime NOT NULL DEFAULT CURRENT_TIMESTAMP,
  `total` double NOT NULL
) ENGINE=InnoDB DEFAULT CHARSET=utf8;

--
-- Dumping data for table `c21_finances_moneycase`
--

INSERT INTO `c21_finances_moneycase` (`id`, `shift_id`, `date_time`, `total`) VALUES
(1, 22, '2017-04-01 18:37:28', 32.312),
(2, 22, '2017-04-01 18:48:11', 42.336),
(3, 24, '2017-04-01 18:54:14', 64.792),
(4, 37, '2017-04-02 17:15:31', 0),
(5, 38, '2017-04-02 17:18:10', 0),
(6, 39, '2017-04-11 16:25:54', 24.584),
(7, 39, '2017-04-12 15:07:26', 69.272),
(8, 39, '2017-04-12 15:07:35', 44.632),
(9, 39, '2017-04-12 21:57:00', 0),
(10, 39, '2017-04-12 22:05:05', 23.408),
(11, 40, '2017-04-14 12:52:33', 24.584),
(12, 41, '2017-04-15 18:21:57', 35.784),
(13, 41, '2017-04-15 18:52:20', 33.488),
(14, 41, '2017-04-15 19:46:51', 0),
(15, 42, '2017-04-16 21:47:47', 136.192),
(16, 42, '2017-04-22 23:47:23', 125.328),
(17, 42, '2017-04-22 23:47:31', 713.888),
(18, 46, '2017-04-23 00:20:30', 39.032),
(19, 47, '2017-04-23 00:21:44', 21.224),
(20, 2, '2017-04-23 14:37:28', 0),
(21, 3, '2017-04-23 17:14:07', 0),
(22, 5, '2017-04-23 17:28:27', 39.088),
(23, 1, '2017-04-23 17:47:56', 0),
(24, 1, '2017-04-25 22:26:52', 52.472),
(25, 1, '2017-04-25 22:38:28', 60.312),
(26, 1, '2017-04-25 23:23:50', 63.672),
(27, 1, '2017-04-25 23:25:33', 31.192),
(28, 1, '2017-05-10 12:36:14', 0),
(29, 1, '2017-05-10 12:36:36', 0),
(30, 1, '2017-05-10 12:36:42', 0),
(31, 1, '2017-05-10 12:36:53', 0),
(32, 1, '2017-05-10 12:37:00', 0),
(33, 1, '2017-05-10 12:37:09', 0),
(34, 1, '2017-05-10 12:37:56', 0),
(35, 1, '2017-05-10 12:38:07', 0),
(36, 1, '2017-05-10 12:39:03', 0),
(37, 1, '2017-05-10 12:39:24', 0),
(38, 2, '2017-05-11 14:59:50', 0),
(39, 2, '2017-05-12 04:45:02', 0),
(40, 2, '2017-05-12 04:45:11', 0),
(41, 2, '2017-05-12 04:49:10', 0),
(42, 2, '2017-05-12 04:49:10', 0),
(43, 2, '2017-05-20 18:21:25', 197.6),
(44, 2, '2017-05-22 00:25:16', 0),
(45, 2, '2017-05-22 00:25:16', 0),
(46, 2, '2017-05-22 00:25:29', 0),
(47, 2, '2017-05-22 00:25:29', 0),
(48, 2, '2017-05-23 21:22:31', 1965.7),
(49, 2, '2017-05-23 22:19:30', 0),
(50, 2, '2017-05-23 22:25:08', 0),
(51, 2, '2017-05-23 22:26:58', 0),
(52, 2, '2017-05-23 22:28:23', 0),
(53, 2, '2017-05-23 22:31:14', 0),
(54, 2, '2017-05-23 22:31:40', 60.312),
(55, 2, '2017-05-23 22:32:14', 11.144),
(56, 2, '2017-05-23 23:30:40', 17.808),
(57, 2, '2017-05-24 14:26:09', 49.168),
(58, 2, '2017-05-24 14:26:21', 49.168),
(59, 2, '2017-05-24 16:48:08', 0),
(60, 2, '2017-05-24 16:48:08', 0),
(61, 2, '2017-05-24 19:44:50', 0),
(62, 2, '2017-05-24 19:44:50', 0),
(63, 2, '2017-05-24 19:46:04', 0),
(64, 2, '2017-05-24 19:46:05', 0),
(65, 2, '2017-05-25 13:23:54', 45.808),
(66, 2, '2017-05-25 13:24:34', 25.704),
(67, 2, '2017-05-25 13:42:08', 77.112),
(68, 2, '2017-05-25 13:43:36', 24.584),
(70, 2, '2017-05-25 13:55:20', 16.744),
(71, 2, '2017-05-25 13:59:17', 30.072),
(72, 2, '2017-05-25 13:59:46', 60.256),
(73, 2, '2017-05-25 14:38:50', 64.85),
(74, 2, '2017-05-25 14:39:07', 0),
(75, 2, '2017-05-25 14:39:07', 0),
(76, 2, '2017-05-25 14:39:22', 0),
(77, 2, '2017-05-25 14:39:22', 0),
(78, 2, '2017-05-25 14:47:42', 0),
(79, 2, '2017-05-25 14:47:42', 0),
(80, 2, '2017-05-25 14:47:58', 0),
(81, 2, '2017-05-25 14:47:58', 0),
(82, 2, '2017-05-25 14:48:06', 0),
(83, 2, '2017-05-25 14:48:06', 0),
(84, 3, '2017-05-25 14:52:09', 0),
(85, 3, '2017-05-25 14:52:09', 0),
(86, 4, '2017-05-26 18:38:32', 44.632),
(87, 4, '2017-05-26 18:39:26', 68.035),
(88, 4, '2017-05-26 19:37:41', 133.5),
(89, 4, '2017-05-29 00:33:22', 0),
(90, 4, '2017-05-29 00:33:22', 0),
(91, 4, '2017-05-30 15:26:27', 1483.552),
(92, 5, '2017-06-01 00:00:07', 0),
(93, 5, '2017-06-01 00:00:07', 0),
(94, 5, '2017-06-02 01:27:41', 0),
(95, 5, '2017-06-02 01:27:41', 0),
(96, 5, '2017-06-02 02:16:29', 0);

-- --------------------------------------------------------

--
-- Table structure for table `c21_finances_shifts`
--

CREATE TABLE `c21_finances_shifts` (
  `id` int(11) NOT NULL,
  `shift_id` int(11) NOT NULL,
  `end_datetime` datetime NOT NULL DEFAULT CURRENT_TIMESTAMP,
  `total` double NOT NULL
) ENGINE=InnoDB DEFAULT CHARSET=utf8;

--
-- Dumping data for table `c21_finances_shifts`
--

INSERT INTO `c21_finances_shifts` (`id`, `shift_id`, `end_datetime`, `total`) VALUES
(1, 1, '2017-04-01 14:30:29', 0),
(2, 1, '2017-04-01 14:30:29', 0),
(3, 1, '2017-04-01 14:30:29', 0),
(4, 1, '2017-04-01 14:30:29', 0),
(5, 2, '2017-04-01 14:35:31', 0),
(6, 2, '2017-04-01 14:35:31', 0),
(7, 144, '2017-04-01 14:36:04', 0),
(8, 144, '2017-04-01 14:36:04', 0),
(9, 3, '2017-04-01 14:59:23', 0),
(11, 3, '2017-04-01 15:34:08', 0),
(12, 4, '2017-04-01 15:39:41', 0),
(13, 4, '2017-04-01 15:48:00', 0),
(14, 4, '2017-04-01 16:13:03', 0),
(15, 6, '2017-04-01 16:16:13', 0),
(16, 6, '2017-04-01 16:17:55', 0),
(17, 7, '2017-04-01 16:19:54', 0),
(19, 8, '2017-04-01 16:21:58', 0),
(20, 10, '2017-04-01 16:29:22', 0),
(21, 11, '2017-04-01 16:30:23', 0),
(22, 12, '2017-04-01 16:33:48', 0),
(23, 13, '2017-04-01 16:57:24', 0),
(24, 14, '2017-04-01 16:59:08', 0),
(25, 15, '2017-04-01 17:03:25', 0),
(26, 16, '2017-04-01 17:06:15', 0),
(27, 17, '2017-04-01 17:17:21', 0),
(28, 18, '2017-04-01 17:19:13', 0),
(29, 19, '2017-04-01 17:20:34', 0),
(30, 20, '2017-04-01 17:23:11', 0),
(31, 21, '2017-04-01 17:25:23', 0),
(32, 22, '2017-04-01 17:43:17', 0),
(33, 22, '2017-04-01 17:46:39', 0),
(34, 22, '2017-04-01 17:54:39', 0),
(35, 22, '2017-04-01 18:01:46', 0),
(36, 22, '2017-04-01 18:03:45', 0),
(37, 22, '2017-04-01 18:38:06', 32.25),
(38, 22, '2017-04-01 18:48:21', 74.5),
(39, 23, '2017-04-01 18:49:27', 0),
(40, 23, '2017-04-01 18:52:38', 0),
(41, 24, '2017-04-01 18:57:15', 64.75),
(43, 25, '2017-04-01 18:59:08', 0),
(44, 27, '2017-04-01 18:59:47', 0),
(46, 28, '2017-04-01 19:45:13', 0),
(47, 30, '2017-04-01 20:00:13', 0),
(48, 30, '2017-04-01 20:13:28', 0),
(49, 31, '2017-04-02 16:59:47', 0),
(50, 36, '2017-04-02 17:14:42', 0),
(51, 37, '2017-04-02 17:15:51', 0),
(52, 39, '2017-04-12 22:06:20', 161.75),
(53, 40, '2017-04-14 12:52:44', 24.5),
(54, 41, '2017-04-15 19:47:10', 69.25),
(55, 42, '2017-04-22 23:48:04', 975.25),
(56, 44, '2017-04-22 23:57:06', 0),
(57, 45, '2017-04-23 00:03:50', 0),
(58, 3, '2017-04-23 17:14:25', 0),
(59, 5, '2017-04-23 17:28:57', 39),
(60, 1, '2017-04-23 17:48:09', 0),
(61, 1, '2017-05-10 12:40:26', 207.5),
(62, 3, '2017-05-25 14:52:20', 0),
(63, 4, '2017-05-30 15:26:41', 1729.5);

-- --------------------------------------------------------

--
-- Table structure for table `c21_items`
--

CREATE TABLE `c21_items` (
  `id` int(11) NOT NULL,
  `name` varchar(100) NOT NULL,
  `desc` int(11) DEFAULT NULL,
  `reorder_level` double NOT NULL DEFAULT '0',
  `item_category` int(11) NOT NULL,
  `item_unit` int(11) NOT NULL
) ENGINE=InnoDB DEFAULT CHARSET=utf8;

--
-- Dumping data for table `c21_items`
--

INSERT INTO `c21_items` (`id`, `name`, `desc`, `reorder_level`, `item_category`, `item_unit`) VALUES
(1, 'لحم بتلو', 0, 2, 2, 1),
(2, 'شمبري', 0, 2, 2, 1),
(3, 'سجق', 0, 2, 2, 1),
(4, 'بسطرمة ', 0, 2, 305, 1),
(5, 'صدور فراخ', 0, 2, 2, 1),
(6, 'وراك فراخ', 0, 2, 2, 1),
(12, 'كانزات بيبسي', 2, 500, 1, 1),
(13, 'كانزات فيروز', 2, 4, 1, 1),
(14, 'علب عصير اناناس', 2, 10, 1, 1),
(15, ' علب عصير تفاح', 2, 10, 1, 1),
(16, 'فرخة كاملة', 0, 4, 2, 1),
(17, 'لحم مفروم', 0, 4, 2, 1),
(18, ';klsdjf;lkjasdf', 0, 20, 2, 1),
(19, 'زبدة', 0, 4, 305, 1),
(20, 'زيت', 0, 4, 305, 1),
(24, 'موز', 55, 4, 307, 1),
(29, 'تفاح', 0, 4, 307, 1),
(30, 'كانتلوب', 0, 10, 307, 1),
(33, 'عنب', 0, 2, 307, 1),
(34, 'مشروم', 0, 10, 305, 3),
(35, 'بيض', 0, 50, 305, 3),
(36, 'فراولة', 0, 4, 307, 3),
(37, 'لبن سايب', 0, 5, 305, 1),
(38, 'كرواسون', 0, 10, 308, 2),
(39, 'خضار مشكل', 0, 10, 307, 1),
(40, 'ايس كريم', 0, 4, 1, 1),
(43, 'عصير مانجو', 0, 4, 1, 2),
(44, 'جمبري', 0, 5, 306, 1),
(45, 'سبيط', 0, 5, 306, 1),
(46, 'علبة تونة قطعة واحدة', 0, 5, 305, 3),
(47, 'برطمان نوتيلا', 0, 5, 305, 1);

-- --------------------------------------------------------

--
-- Table structure for table `c21_items_categories`
--

CREATE TABLE `c21_items_categories` (
  `id` int(11) NOT NULL,
  `name` varchar(255) NOT NULL
) ENGINE=InnoDB DEFAULT CHARSET=utf8;

--
-- Dumping data for table `c21_items_categories`
--

INSERT INTO `c21_items_categories` (`id`, `name`) VALUES
(1, 'خامات من الموردين'),
(2, 'لحوم و دواجن'),
(305, 'مشتروات من السوبرماركت'),
(306, 'اسماك و منتجات بحرية'),
(307, 'فواكه و خضروات'),
(308, 'مخبوزات'),
(309, 'gsdfggggggggggggggg'),
(310, 'fasdfsdf');

-- --------------------------------------------------------

--
-- Table structure for table `c21_items_units`
--

CREATE TABLE `c21_items_units` (
  `id` int(11) NOT NULL,
  `name` varchar(20) NOT NULL
) ENGINE=InnoDB DEFAULT CHARSET=utf8;

--
-- Dumping data for table `c21_items_units`
--

INSERT INTO `c21_items_units` (`id`, `name`) VALUES
(1, 'كجم'),
(2, 'برسيون'),
(3, 'علبة');

-- --------------------------------------------------------

--
-- Table structure for table `c21_orders`
--

CREATE TABLE `c21_orders` (
  `id` int(11) NOT NULL,
  `shift_id` int(11) NOT NULL,
  `total` double NOT NULL,
  `customer_id` int(11) NOT NULL,
  `is_checked` tinyint(1) NOT NULL DEFAULT '0',
  `start_time` time NOT NULL,
  `end_time` time NOT NULL,
  `order_type` int(11) NOT NULL DEFAULT '1',
  `client_address` varchar(255) NOT NULL,
  `client_name` varchar(255) NOT NULL,
  `client_notes` varchar(255) NOT NULL,
  `order_discount_value` double NOT NULL,
  `client_phone` varchar(255) NOT NULL
) ENGINE=InnoDB DEFAULT CHARSET=utf8;

--
-- Dumping data for table `c21_orders`
--

INSERT INTO `c21_orders` (`id`, `shift_id`, `total`, `customer_id`, `is_checked`, `start_time`, `end_time`, `order_type`, `client_address`, `client_name`, `client_notes`, `order_discount_value`, `client_phone`) VALUES
(2, 1, 60.312, 1, 1, '22:37:03', '22:38:28', 1, '', '', '', 0, ''),
(3, 1, 63.672, 2, 1, '23:23:31', '23:23:50', 1, '', '', '', 0, ''),
(4, 1, 31.192, 2, 1, '23:24:48', '23:25:33', 1, '', '', '', 0, ''),
(5, 1, 0, 2, 1, '17:24:33', '12:37:09', 3, '', '', '', 0, ''),
(6, 1, 0, 3, 1, '00:45:29', '12:36:36', 2, '', '', '', 0, ''),
(7, 1, 0, 4, 1, '12:20:29', '12:36:53', 0, '', '', '', 0, ''),
(8, 1, 0, 3, 1, '12:37:52', '12:37:56', 0, '', '', '', 0, ''),
(9, 1, 0, 3, 1, '12:37:59', '12:38:07', 0, '', '', '', 0, ''),
(10, 1, 0, 3, 1, '12:39:00', '12:39:03', 0, '', '', '', 0, ''),
(11, 1, 0, 10, 1, '12:39:12', '12:39:24', 0, '', '', '', 0, ''),
(12, 2, 0, 1, 1, '12:43:12', '14:59:50', 3, '', '', '', 0, ''),
(13, 2, 0, 7, 1, '17:33:12', '04:45:02', 2, 'jafsdfhf;h;ljh', '', '', 0, ''),
(14, 2, 0, 6, 1, '04:45:07', '04:45:11', 0, '', '', '', 0, ''),
(15, 2, 0, 3, 1, '04:48:42', '04:49:10', 0, '', '', '', 0, ''),
(16, 2, 0, 10, 1, '04:49:20', '00:25:16', 1, '4 شارع المامون ابوشوشة', 'حمد مدحت محمد', 'ملاحضات للاوردار', 0, ''),
(17, 2, 197.6, 3, 1, '05:37:41', '18:21:25', 2, '', '', '', 0, ''),
(18, 2, 0, 1, 1, '14:49:41', '00:25:29', 1, '', '', '', 0, ''),
(19, 2, 1965.7, 2, 1, '15:28:37', '21:22:31', 2, '', '', '', 0, ''),
(20, 2, 0, 1, 1, '22:17:52', '22:25:08', 1, '', '', '', 0, ''),
(21, 2, 0, 9, 1, '22:26:41', '22:26:58', 1, '', '', '', 0, ''),
(22, 2, 0, 10, 1, '22:28:05', '22:28:23', 1, '', '', '', 0, ''),
(23, 2, 0, 1, 1, '22:28:29', '22:31:14', 1, '', '', '', 0, ''),
(24, 2, 60.312, 10, 1, '22:31:18', '22:31:40', 1, '', '', '', 0, ''),
(25, 2, 11.144, 10, 1, '22:31:55', '22:32:14', 1, '', '', '', 0, ''),
(26, 2, 17.808, 3, 1, '23:30:04', '23:30:40', 1, '', '', '', 0, ''),
(27, 2, 0, 0, 1, '00:09:51', '14:39:07', 3, '', '', '', 0, ''),
(28, 2, 0, 0, 1, '00:10:09', '19:46:05', 3, '', '', '', 0, ''),
(29, 2, 25.704, 7, 1, '00:10:25', '13:24:34', 1, '', '', '', 0, ''),
(30, 2, 0, 0, 1, '00:18:08', '14:47:58', 3, 'lkjgsdfgnlnfv', 'muhammaf meh', 'sdfgsefg s egsdfg', 0, ''),
(31, 2, 0, 0, 1, '01:35:48', '14:39:22', 2, '', '', '', 0, ''),
(32, 2, 0, 0, 1, '01:39:05', '14:47:42', 2, '', '', '', 0, ''),
(33, 2, 49.168, 1, 1, '03:46:57', '14:26:21', 1, '', '', '', 0, ''),
(34, 2, 64.85, 0, 1, '14:35:01', '14:38:50', 2, '', '', '', 0, ''),
(35, 2, 60.256, 2, 1, '14:35:32', '13:59:46', 1, '', '', '', 0, ''),
(36, 2, 30.072, 5, 1, '15:43:00', '13:59:17', 1, '', '', '', 0, ''),
(37, 2, 0, 3, 1, '16:48:00', '16:48:08', 1, '', '', '', 0, ''),
(38, 2, 0, 0, 1, '16:48:33', '14:48:06', 3, '', '', '', 0, ''),
(39, 2, 24.584, 9, 1, '19:36:35', '13:43:36', 1, '', '', '', 0, ''),
(40, 2, 16.744, 3, 1, '19:37:34', '13:55:20', 1, '', '', '', 0, ''),
(41, 2, 0, 4, 1, '19:44:31', '19:44:50', 1, '', '', '', 0, ''),
(42, 2, 77.112, 6, 1, '02:01:10', '13:42:08', 1, '', '', '', 0, ''),
(43, 2, 45.808, 12, 1, '02:02:49', '13:23:54', 1, '', '', '', 0, ''),
(44, 3, 0, 2, 1, '14:52:00', '14:52:09', 1, '', '', '', 0, ''),
(45, 4, 133.5, 0, 1, '14:52:37', '19:37:41', 2, '', 'muhammad medha', '', 20, ''),
(46, 4, 68.035, 0, 1, '03:30:45', '18:39:26', 3, 'fsadfasd', 'asd', '', 0, ''),
(47, 4, 0, 0, 1, '04:05:06', '00:33:22', 3, '4 شارع المأمون ابو شوشة', 'محمد مدحت', 'الدور الثالث شقة رقم ستة تمشسينبتمشسنبتم', 51.35, '01272323297'),
(48, 4, 44.632, 5, 1, '16:47:55', '18:38:32', 1, 'hdjfdgfkj', 'sdfgsdf', 'dfsgdfg', 0, ''),
(49, 4, 1483.552, 4, 1, '00:33:25', '15:26:27', 1, '', '', '', 132.46, ''),
(50, 5, 0, 4, 1, '23:57:30', '00:00:07', 1, '', '', '', 0, ''),
(51, 5, 0, 1, 1, '00:02:30', '01:27:41', 1, '', '', '', 0, ''),
(52, 5, 0, 1, 0, '01:27:31', '00:00:00', 1, '', '', '', 0, ''),
(53, 5, 0, 54, 1, '02:08:52', '02:16:29', 1, '', '', '', 0, ''),
(54, 5, 0, 0, 0, '02:50:02', '00:00:00', 1, '', '', '', 0, '');

-- --------------------------------------------------------

--
-- Table structure for table `c21_order_details`
--

CREATE TABLE `c21_order_details` (
  `id` int(11) NOT NULL,
  `order_id` int(11) NOT NULL,
  `product_id` int(11) NOT NULL,
  `quantity` int(11) NOT NULL DEFAULT '1'
) ENGINE=InnoDB DEFAULT CHARSET=utf8;

--
-- Dumping data for table `c21_order_details`
--

INSERT INTO `c21_order_details` (`id`, `order_id`, `product_id`, `quantity`) VALUES
(1, 2, 2, 1),
(2, 2, 4, 1),
(3, 2, 168, 1),
(4, 3, 6, 1),
(5, 3, 7, 1),
(6, 3, 167, 1),
(7, 4, 19, 1),
(8, 4, 18, 1),
(9, 4, 17, 1),
(297, 17, 34, 1),
(298, 17, 32, 1),
(299, 17, 42, 1),
(300, 17, 146, 1),
(301, 17, 147, 1),
(302, 17, 148, 1),
(314, 17, 157, 1),
(315, 17, 156, 1),
(326, 19, 1, 1),
(345, 19, 117, 1),
(348, 19, 114, 2),
(349, 19, 4, 1),
(350, 19, 168, 1),
(351, 19, 169, 1),
(352, 19, 176, 1),
(353, 19, 178, 1),
(354, 19, 179, 1),
(355, 19, 180, 1),
(356, 19, 5, 1),
(357, 19, 6, 1),
(358, 19, 7, 2),
(359, 19, 8, 2),
(360, 19, 9, 2),
(361, 19, 10, 2),
(362, 19, 167, 2),
(363, 19, 16, 1),
(364, 19, 15, 1),
(365, 19, 14, 1),
(366, 19, 11, 1),
(367, 19, 103, 2),
(368, 19, 102, 2),
(369, 19, 101, 2),
(370, 19, 104, 2),
(371, 19, 110, 3),
(372, 19, 109, 3),
(373, 19, 108, 3),
(374, 19, 113, 1),
(375, 19, 111, 1),
(376, 19, 112, 1),
(377, 19, 107, 1),
(378, 19, 99, 1),
(379, 19, 98, 1),
(380, 19, 97, 1),
(381, 24, 2, 1),
(382, 24, 4, 1),
(383, 24, 168, 1),
(384, 25, 20, 1),
(385, 26, 103, 2),
(389, 33, 12, 1),
(390, 33, 11, 1),
(391, 34, 6, 1),
(392, 34, 7, 1),
(393, 34, 8, 1),
(394, 35, 84, 1),
(395, 35, 83, 1),
(396, 35, 82, 1),
(397, 35, 167, 1),
(398, 36, 103, 1),
(399, 36, 102, 1),
(400, 36, 101, 1),
(407, 39, 6, 1),
(408, 29, 25, 1),
(409, 40, 13, 1),
(411, 42, 6, 1),
(412, 42, 5, 1),
(413, 42, 8, 1),
(414, 43, 4, 1),
(415, 43, 2, 1),
(416, 45, 11, 1),
(417, 45, 12, 1),
(418, 45, 7, 1),
(419, 45, 98, 2),
(420, 45, 21, 1),
(421, 45, 20, 1),
(422, 45, 19, 1),
(423, 45, 18, 1),
(424, 45, 99, 1),
(425, 46, 2, 1),
(426, 46, 1, 1),
(427, 46, 4, 1),
(428, 48, 99, 1),
(429, 48, 98, 1),
(430, 48, 97, 1),
(470, 49, 169, 1),
(472, 49, 4, 1),
(473, 49, 98, 2),
(474, 49, 99, 1),
(475, 49, 97, 1),
(476, 49, 161, 1),
(477, 49, 160, 1),
(478, 49, 159, 1),
(479, 54, 6, 1),
(480, 54, 7, 1),
(481, 54, 8, 1),
(482, 54, 9, 1),
(483, 54, 10, 1),
(484, 54, 167, 1);

-- --------------------------------------------------------

--
-- Table structure for table `c21_order_details_summery`
--

CREATE TABLE `c21_order_details_summery` (
  `id` int(11) NOT NULL,
  `order_id` int(11) NOT NULL,
  `product_id` int(11) NOT NULL,
  `quantity` int(11) NOT NULL DEFAULT '1'
) ENGINE=InnoDB DEFAULT CHARSET=utf8;

-- --------------------------------------------------------

--
-- Table structure for table `c21_order_types`
--

CREATE TABLE `c21_order_types` (
  `id` int(11) NOT NULL,
  `name` varchar(20) NOT NULL,
  `css` varchar(10) NOT NULL,
  `show_window` int(11) NOT NULL
) ENGINE=InnoDB DEFAULT CHARSET=utf8;

--
-- Dumping data for table `c21_order_types`
--

INSERT INTO `c21_order_types` (`id`, `name`, `css`, `show_window`) VALUES
(1, 'صالة', 'dine', 0),
(2, 'تيك اواي', 'ta', 1),
(3, 'توصيل', 'dlvr', 1);

-- --------------------------------------------------------

--
-- Table structure for table `c21_products`
--

CREATE TABLE `c21_products` (
  `id` int(11) NOT NULL,
  `name` varchar(100) NOT NULL,
  `arabic` varchar(255) NOT NULL,
  `price` double NOT NULL,
  `desc` text,
  `cat_id` int(11) NOT NULL
) ENGINE=InnoDB DEFAULT CHARSET=utf8;

--
-- Dumping data for table `c21_products`
--

INSERT INTO `c21_products` (`id`, `name`, `arabic`, `price`, `desc`, `cat_id`) VALUES
(1, 'Mushroom Omelet', 'مشروم اومليت', 24.58, 'اومليت مقلي مع المشروم', 1),
(2, 'Greek Omelet', 'جريك اومليت', 24.58, '', 1),
(4, 'Croissant', 'كرواسون', 23.46, '', 1),
(5, 'Sambosek', 'سمبوسك', 20.1, 'اصابع السمبوسك المقليه\r\n', 2),
(6, 'Chicken Croquette Potatoes', 'بطاطس كروكيت بالفراخ', 25.7, '', 2),
(7, 'Garlic Mozzarilla Bread', 'عيش بالثوم و الموزاريلا', 15.62, '', 2),
(8, 'Shrimp Cocktail', 'جمبري كوكتيل', 34.66, '', 2),
(9, 'Steam Vegetables', 'خضار سوتيه', 25.7, '', 2),
(10, 'Home Fries', 'بطاطس هوم فرايز', 25.7, '', 2),
(11, 'Caesar Salad', 'سلطة سيزر', 25.7, NULL, 3),
(12, 'Shrimp Caesar Salad', 'سلطة سيزر جمبري', 25.7, NULL, 3),
(13, 'Greek Salad', 'جريك سلاد', 17.86, NULL, 3),
(14, 'Chef Salad', 'شيف سلاد', 22.34, NULL, 3),
(15, 'Tuna Salad', 'سلطة تونة', 20.1, NULL, 3),
(16, 'Garden Salad', 'سلطة خضراء', 11.14, NULL, 3),
(17, 'Broccoli', 'شوربة بروكلي', 13.38, NULL, 4),
(18, 'Lentil', 'شوربة عدس', 10.02, NULL, 4),
(19, 'Creamy Mushroom', 'شوربة كريمة المشروم', 11.14, NULL, 4),
(20, 'Onion', 'شوربة بصل', 12.26, NULL, 4),
(21, 'Creamy Chicken', 'شوربة فراخ بالكريمة', 12.26, NULL, 4),
(22, 'Tomato', 'شوربة طماطم', 10.02, NULL, 4),
(23, 'Pisto sauce', 'مكرونة بستو صوص', 23.46, NULL, 5),
(24, 'Polonaise ', 'مكرونة بولونيز', 23.46, NULL, 5),
(25, 'Alfredo', 'مكرونة الفريدو', 26.82, NULL, 5),
(26, 'Primavera ', 'مكرونة بريمافيرا', 18.98, NULL, 5),
(27, 'Puttanesca', 'مكرونة بوتانسكا', 21.22, NULL, 5),
(28, 'Meat Ball', 'مكرونة ميت بول', 23.46, NULL, 5),
(29, 'Backed Ziti', 'مكرونة بيكيد زيتي', 22.34, NULL, 5),
(30, 'Curry Pasta', 'مكرونة بالكاري', 21.22, NULL, 5),
(31, 'Sea Food', 'مكرونة سي قود', 34.66, NULL, 5),
(32, 'Piccata Mushroom', 'طبق بيكاتا مشرو1', 45.86, NULL, 6),
(33, 'Mexican Chicken', 'طبق فراخ مكسيكان', 40.26, NULL, 6),
(34, 'Fried Cutlet Chicken', 'طبق فراخ بانيه', 43.62, NULL, 6),
(35, 'Grilled Chicken Breasts', 'طبق فراخ مشوية', 40.26, NULL, 6),
(36, 'Chicken Curry', 'طبق فراخ بالكاري', 38.02, NULL, 6),
(37, 'Fried Cutlet Veal', 'طبق فراخ بانيه', 45.86, NULL, 6),
(38, 'Alexandrian Liver', 'طبق كبدة اسكندراني', 34.66, NULL, 6),
(39, 'Charcoal Grilled Liver', 'طبق كبدة مشوية على الفحم', 45.86, NULL, 6),
(40, 'Veggie Platter', 'طبق خضار مشكل', 21.22, NULL, 6),
(41, 'Fried Squid', 'طبق سبيط مقلي', 45.86, NULL, 6),
(42, 'Squid Tajine ', 'طاجن السبيط', 40.26, NULL, 6),
(43, 'Veal Chops', 'شرائح البتلو', 57.06, NULL, 7),
(44, 'New York Stick ', 'نيويورك ستيك', 51.46, NULL, 7),
(45, 'Greek Stick', 'جريك ستيك', 51.46, NULL, 7),
(46, 'Chicken Kiev', 'ساندوتش فراخ كيف', 22.34, NULL, 8),
(47, 'Chicken Parmesan', 'ساندوتش فراخ بارمجان', 22.34, NULL, 8),
(48, 'Meatball Parmesan', 'ساندوتش ميتبول بارمجان', 22.34, NULL, 8),
(49, 'Chicken Catcha-Tory', 'ساندوتش شيكين كاتشاتوري', 22.34, NULL, 8),
(50, 'Fried Cutlet Chicken', 'ساندوتش فراخ بانيه', 22.34, NULL, 8),
(51, 'Mexican Chicken', 'ساندوتش فراخ مكسيكان', 22.34, NULL, 8),
(52, 'Cajun chicken', 'ساندوتش فراخ كاجون', 22.34, NULL, 8),
(53, 'Shish Tawook', 'ساندوتش شيش طاووق', 20.16, NULL, 8),
(54, 'Chicken Curry', 'ساندوتش فراخ بالكاري', 22.34, NULL, 8),
(55, 'Grilled chicken breasts ', 'ساندوتش صدور لراخ مشوية', 22.34, NULL, 8),
(56, 'Grilled liver ', 'ساندوتش كبدة مشوية', 22.34, NULL, 8),
(57, 'Alexandrian liver ', 'ساندوتش كبدة اسكندراني', 21.22, NULL, 8),
(58, 'Hot Dog', 'ساندوتش هوت دوج', 20.1, NULL, 8),
(59, 'Philadelphia Stick', 'ساندوتش فيلادلفيا ستيك', 23.46, NULL, 8),
(60, 'Fried Cutlet Veal', 'ساندتش اسكالوب بانيه', 23.46, NULL, 8),
(61, 'Fried Squid', 'شاندوتش سبيط مقلي', 26.82, NULL, 8),
(62, 'Fried Shrimps', 'ساندوتش جمبري مقلي', 26.82, NULL, 8),
(63, 'Mexican Shrimp', 'ساندوتش جمبري مكسيكان', 25.7, NULL, 8),
(64, 'Tuna', 'ساندوتش سلطة تونة', 23.46, NULL, 8),
(65, 'California Burger', 'برجر كاليفورنيا', 21.22, NULL, 9),
(66, 'Chicken Burger', 'برجر فراخ', 20.1, NULL, 9),
(67, 'BBQ Burger', 'برجر باربكيو', 21.22, NULL, 9),
(68, 'Deluxe Burger', 'برجر ديلوكس', 23.46, NULL, 9),
(69, 'Chicken BBQ Burger', 'برجر فراخ', 23.46, NULL, 9),
(70, 'Veggie Burger', 'برجر خضروات', 15.62, NULL, 9),
(71, 'Margarita', 'بيتزا مارجريتا', 23.46, NULL, 10),
(72, 'Vegetarian', 'بيتزا فيجيتيريان', 24.58, NULL, 10),
(73, 'Mushroom', 'بيتزا مشروم', 25.7, NULL, 10),
(74, 'Shrimps', 'بيتزا جمبري', 31.3, NULL, 10),
(75, 'Olive', 'بيتزا زيتون', 25.7, NULL, 10),
(76, 'Pepperoni', 'بيتزا بيبيروني', 26.82, NULL, 10),
(77, 'Sausage', 'بيتزا سجق', 26.82, NULL, 10),
(78, 'Tuna', 'بيتزا تونة', 27.94, NULL, 10),
(79, 'Chicken Barbeque', 'بيتزا فراخ و باربيكيو', 27.94, NULL, 10),
(80, 'Anchovy', 'بيتزا انشوجة', 27.94, NULL, 10),
(81, 'Mincemeat', 'بيتزا لحمة مفرومة', 25.7, NULL, 10),
(82, 'Ristretto', 'ريستريتو', 12.26, NULL, 11),
(83, 'Espresso', 'اكسبريسو', 12.26, NULL, 11),
(84, 'Espresso Chocolate', 'اكسبيسو شوكولاتة', 14.5, NULL, 11),
(85, 'Espresso Macchiato', 'اكسبريسو ماكياطو', 14.5, NULL, 11),
(86, 'Turkish', 'قهوة تركي', 11.14, NULL, 11),
(87, 'Cappuccino', 'كابتشينو', 14.5, NULL, 11),
(88, 'Cafe Latte', 'كافيه لاتيه', 14.5, NULL, 11),
(89, 'Cafe Mocha', 'كافيه موكا', 14.5, NULL, 11),
(90, 'American Filter coffee', 'اميريكان كوفي', 14.5, NULL, 11),
(91, 'Hammer Head ', 'هامار هيد', 17.86, NULL, 11),
(92, 'Cafe Nutella', 'كافيه نوتيلا', 16.74, NULL, 11),
(93, 'Cafe Maltesers', 'كافيه مالتيزرز', 16.74, NULL, 11),
(94, 'Cafe Flutes', 'كافيه فلوتس', 16.74, NULL, 11),
(95, 'Cafe Jamaica', 'كافيه جامايكا', 16.74, NULL, 11),
(96, 'Flavored Coffee', 'قهوة نكهات', 16.74, NULL, 11),
(97, 'Iced Latte', 'ايس لاتيه', 15.62, NULL, 12),
(98, 'Iced Mocha', 'ايس موكا', 15.62, NULL, 12),
(99, 'Mocha Frappe Coffee', 'موكا فرابيه', 16.74, NULL, 12),
(101, 'Green Tea', 'شاي اخضر', 11.14, '', 13),
(102, 'Flavored Tea', 'شاي نكهات', 12.26, '', 13),
(103, 'Mint Tea', 'شاي بالنعناع', 10.02, '', 13),
(104, 'Earl Gray', 'شاي ايرل جراي', 12.26, '', 13),
(107, 'Hot Chocolate Hazelnuts', 'هوت شوكوليت هازلنتس', 13.38, '', 14),
(108, 'Vitamin-C', 'فيتامين - سي', 12.26, '', 14),
(109, 'Iced Chocolate', 'ايس كابتشينو', 13.38, '', 14),
(110, 'Iced Mint', 'نعناع باءد', 12.26, '', 14),
(111, 'Mango', 'مانجو', 14.5, NULL, 15),
(112, 'Strawberry', 'فراول', 14.5, NULL, 15),
(113, 'Banana', 'موز', 14.5, NULL, 15),
(114, 'Orange', 'برتفال', 13.38, NULL, 15),
(115, 'Lemonade', 'ليمون', 13.38, NULL, 15),
(116, 'Grenadine', 'جراندينا', 14.5, NULL, 15),
(117, 'Pomegranate', 'رمان', 15.62, NULL, 15),
(118, 'Cantaloupe', 'كانتلوب', 14.5, NULL, 15),
(119, 'Watermelon', 'بطيخ', 14.5, NULL, 15),
(120, 'Margarita', 'كوكتيل مارجريتا', 16.74, NULL, 16),
(121, 'Fliger', 'كوكتيل فليجر', 15.62, NULL, 16),
(122, 'Cherry cola', 'شيري كولا', 15.62, NULL, 16),
(123, 'Sun Rise', 'صن رايز', 16.74, NULL, 16),
(124, 'Italian Soda', 'ايطاليان صودا', 15.62, NULL, 16),
(125, 'Samba', 'سامبا', 17.86, NULL, 16),
(126, 'Rosanna Banana', 'روزانا بانانا', 16.74, NULL, 16),
(127, 'Penacolada', 'بيناكولادا', 16.74, NULL, 16),
(128, 'Yoghurt', 'كوكتيل زبادي', 16.74, NULL, 16),
(129, 'Virgin Mary', 'كوكتيل فيرجين ماري', 13.38, NULL, 16),
(130, 'Florida', 'كوكتيل فلوريدا', 16.74, NULL, 16),
(131, 'Mango Milk Shake', 'ميلك شيك مانجو', 15.62, NULL, 17),
(132, 'Strewberry Milk Shake', 'ميلك شيك فراولة', 15.62, NULL, 17),
(133, 'Chocolate Milk Shake', 'ميلك شيك شوكولاتة', 15.62, NULL, 17),
(134, 'Mocha Milk Shake', 'ميلك شيك نعناع', 15.62, NULL, 17),
(135, 'Coffee Milk Shake', 'ميلك شيك قهوة', 15.62, NULL, 17),
(136, 'Vanilla Milk Shake', 'ميلك شيك فانيليا', 15.62, NULL, 17),
(137, 'Mint Milk Shake', 'ميلك شيك نعنتع', 15.62, NULL, 17),
(138, 'Boreo Milk Shake', 'ميلك شيك بوريو', 16.74, NULL, 17),
(139, 'Soda', 'صودا', 8.96, NULL, 18),
(140, 'Mineral Water(s)', 'مياه معدنية', 4.48, NULL, 18),
(141, 'Mineral Water', 'مياه معدنية', 6.72, NULL, 18),
(142, 'Club Soda', 'كلوب صودا', 9.52, NULL, 18),
(143, 'Tonic', 'تونيك', 9.52, NULL, 18),
(144, 'Birrel', 'بيريل', 9.52, NULL, 18),
(145, 'Fayrooz', 'فيروز', 9.52, NULL, 18),
(146, 'Profit Roll', 'بروفيترول', 17.86, NULL, 19),
(147, 'Chocolate Lovers', 'شوكوليت لوقرز', 23.46, NULL, 19),
(148, 'Chocolate Lovers Turtle', 'ترتل شوكوليت لوفرز', 20.1, NULL, 19),
(149, 'Chocolate Cake', 'شوكوليت كيك', 17.86, NULL, 19),
(150, 'Banana Split', 'بانانا سبليت', 26.82, NULL, 19),
(151, 'Fudge Brownies', 'فدج براونيز', 20.1, NULL, 19),
(152, 'Cob Jock', 'كوب جاك', 18.98, NULL, 19),
(153, 'Oreo Madness', 'اوريو مادنس', 22.34, NULL, 19),
(154, 'Om-Ali', 'ام علي', 16.74, NULL, 19),
(155, 'Creme Caramel', 'كريم كراميل', 14.5, NULL, 19),
(156, 'Chocolate Mousse', 'موس شوكولاتة', 18.98, NULL, 19),
(157, 'Ice Cream', 'ايس كريم', 20.1, NULL, 19),
(158, 'Desserts Crepe', 'كريب حلو', 15.62, NULL, 19),
(159, 'Rice Pudding', 'رز باللبن', 13.38, NULL, 19),
(160, 'Rice Pudding(Ice Cream)', 'رز باللبن بالايس كريم', 17.86, NULL, 19),
(161, 'Fruits Jelly', 'جيلي فواكه', 16.74, NULL, 19),
(167, 'fasd', 'خضار مشوي على الفحم', 25.7, '', 2),
(168, 'english', 'عربي', 15.62, NULL, 1),
(169, 'asdfSAEF', 'شسيبشبضصل', 1358.56, NULL, 1),
(176, 'c21App', 'عربي', 14.56, NULL, 1),
(177, 'mashinkahh', 'مشينكاح', 51.52, NULL, 8),
(178, 'mashinkahh', 'مشينكاح', 51.52, NULL, 1),
(179, 'Zzalott', 'طلوط مقلي', 14.56, NULL, 1),
(180, 'Club21 Special Breakfast', 'افطار Club21', 23.52, NULL, 1);

-- --------------------------------------------------------

--
-- Table structure for table `c21_products_items`
--

CREATE TABLE `c21_products_items` (
  `id` int(11) NOT NULL,
  `product_id` int(11) NOT NULL,
  `item_id` int(11) NOT NULL,
  `amount` double NOT NULL
) ENGINE=InnoDB DEFAULT CHARSET=utf8;

--
-- Dumping data for table `c21_products_items`
--

INSERT INTO `c21_products_items` (`id`, `product_id`, `item_id`, `amount`) VALUES
(28, 1, 35, 5),
(30, 28, 17, 2),
(43, 4, 38, 1),
(44, 2, 35, 5),
(46, 1, 34, 0.2),
(47, 3, 35, 4),
(48, 10, 5, 0.1),
(49, 11, 5, 0.1),
(50, 6, 5, 0.1),
(51, 3, 4, 0.1),
(53, 12, 44, 0.2),
(54, 43, 1, 0.2),
(55, 42, 45, 0.2),
(56, 60, 1, 0.1),
(57, 61, 45, 0.1),
(58, 15, 46, 1),
(59, 24, 17, 0.1),
(60, 25, 5, 0.1),
(61, 32, 1, 0.2),
(63, 34, 5, 0.2),
(65, 8, 44, 0.1),
(66, 33, 5, 0.2),
(68, 37, 5, 0.2),
(77, 2, 12, 0.6),
(78, 2, 18, 0.1),
(79, 27, 18, 0.1),
(81, 1, 3, 0.1),
(82, 27, 44, 0.1),
(83, 27, 19, 0.6),
(84, 27, 15, 3),
(86, 26, 3, 0.1),
(88, 26, 5, 0.1),
(89, 1, 1, 0.1),
(90, 5, 1, 0.1),
(92, 5, 18, 0.1),
(93, 5, 16, 0.1),
(94, 7, 14, 0.1),
(96, 7, 5, 0.1),
(97, 7, 17, 0.1);

-- --------------------------------------------------------

--
-- Table structure for table `c21_sessions`
--

CREATE TABLE `c21_sessions` (
  `session_id` varchar(40) NOT NULL DEFAULT '0',
  `ip_address` varchar(45) NOT NULL DEFAULT '0',
  `user_agent` varchar(120) NOT NULL,
  `last_activity` int(10) UNSIGNED NOT NULL DEFAULT '0',
  `user_data` text NOT NULL,
  `username` varchar(100) NOT NULL
) ENGINE=InnoDB DEFAULT CHARSET=utf8;

--
-- Dumping data for table `c21_sessions`
--

INSERT INTO `c21_sessions` (`session_id`, `ip_address`, `user_agent`, `last_activity`, `user_data`, `username`) VALUES
('0', '0', '', 0, '', 'admin');

-- --------------------------------------------------------

--
-- Table structure for table `c21_settings`
--

CREATE TABLE `c21_settings` (
  `id` int(11) NOT NULL,
  `name` text NOT NULL,
  `value` text NOT NULL,
  `arabic` text NOT NULL,
  `enabled` tinyint(1) NOT NULL DEFAULT '1',
  `settings_group` int(11) NOT NULL,
  `html` varchar(255) NOT NULL
) ENGINE=InnoDB DEFAULT CHARSET=utf8;

--
-- Dumping data for table `c21_settings`
--

INSERT INTO `c21_settings` (`id`, `name`, `value`, `arabic`, `enabled`, `settings_group`, `html`) VALUES
(1, 'general_limit', '10', 'عدد النتائج في جداول البرنامج\r\n', 0, 1, ''),
(2, 'approximation', '4', 'تقريب حسابات الفواتير', 0, 3, ''),
(3, 'service', '12', 'نسبة الخدمة', 0, 2, ''),
(4, 'tax', '10', 'نسبة الضريبة', 0, 2, ''),
(5, 'stock', '2', 'الخصم من المخزن', 0, 1, 'ddl'),
(6, 'delivery_service', '13', 'خدمة التوصيل', 0, 2, '');

-- --------------------------------------------------------

--
-- Table structure for table `c21_settings_groups`
--

CREATE TABLE `c21_settings_groups` (
  `id` int(11) NOT NULL,
  `name` varchar(20) NOT NULL,
  `notes` varchar(255) NOT NULL
) ENGINE=InnoDB DEFAULT CHARSET=utf8;

--
-- Dumping data for table `c21_settings_groups`
--

INSERT INTO `c21_settings_groups` (`id`, `name`, `notes`) VALUES
(1, 'اعدادات البرنامج', '0'),
(2, 'اعدادات الفواتير', 'اضافة الى الفاتورة'),
(3, 'اعدادات الحسابات', '0');

-- --------------------------------------------------------

--
-- Table structure for table `c21_stocks`
--

CREATE TABLE `c21_stocks` (
  `id` int(11) NOT NULL,
  `name` text NOT NULL,
  `description` text NOT NULL
) ENGINE=InnoDB DEFAULT CHARSET=utf8;

--
-- Dumping data for table `c21_stocks`
--

INSERT INTO `c21_stocks` (`id`, `name`, `description`) VALUES
(1, 'المخزن الرئيسي', 'ما يوجد من احتياطي في المكان'),
(2, 'المخزن الفرعي', 'هي الكميات المستخدمة في الكافيتريا اة المطبخ');

-- --------------------------------------------------------

--
-- Table structure for table `c21_stocks_transactions`
--

CREATE TABLE `c21_stocks_transactions` (
  `id` int(11) NOT NULL,
  `stock_id` int(11) NOT NULL,
  `item_id` int(11) NOT NULL,
  `qty` double NOT NULL,
  `created` datetime NOT NULL DEFAULT CURRENT_TIMESTAMP,
  `notes` text NOT NULL,
  `type` int(11) NOT NULL DEFAULT '1'
) ENGINE=InnoDB DEFAULT CHARSET=utf8;

-- --------------------------------------------------------

--
-- Table structure for table `c21_stocks_transactions_types`
--

CREATE TABLE `c21_stocks_transactions_types` (
  `id` int(11) NOT NULL,
  `name` varchar(10) NOT NULL,
  `description` text NOT NULL
) ENGINE=InnoDB DEFAULT CHARSET=utf8;

--
-- Dumping data for table `c21_stocks_transactions_types`
--

INSERT INTO `c21_stocks_transactions_types` (`id`, `name`, `description`) VALUES
(1, 'صرف', 'الصرف من المخزن'),
(2, 'اضافة', 'اضافة خامات الى المخزن'),
(3, 'سحب', 'سحب من المخزن للعميل');

-- --------------------------------------------------------

--
-- Table structure for table `c21_stock_items`
--

CREATE TABLE `c21_stock_items` (
  `id` int(11) NOT NULL,
  `item_id` int(11) NOT NULL,
  `stock_id` int(11) NOT NULL,
  `current_qty` double NOT NULL,
  `unit` int(11) NOT NULL
) ENGINE=InnoDB DEFAULT CHARSET=utf8;

--
-- Dumping data for table `c21_stock_items`
--

INSERT INTO `c21_stock_items` (`id`, `item_id`, `stock_id`, `current_qty`, `unit`) VALUES
(34, 43, 1, 0, 0),
(35, 43, 2, 500, 0),
(36, 14, 1, 45, 0),
(37, 14, 2, 894.1999999999999, 0),
(38, 12, 1, 200, 0),
(39, 12, 2, 4774.199999999999, 0),
(40, 19, 2, 370, 0),
(41, 13, 2, 794, 0),
(42, 40, 1, 200, 0),
(43, 18, 2, 71.70000000000002, 0),
(44, 4, 2, 20, 0),
(45, 35, 2, -1876, 0),
(46, 35, 1, 700, 0),
(47, 1, 1, 0, 0),
(48, 17, 1, 0, 0),
(49, 34, 2, -76.4, 0),
(50, 1, 2, 2.1999999999999997, 0),
(51, 17, 2, 9.100000000000001, 0);

-- --------------------------------------------------------

--
-- Table structure for table `c21_temp_products`
--

CREATE TABLE `c21_temp_products` (
  `id` int(11) NOT NULL,
  `arabic` varchar(255) NOT NULL,
  `price` double NOT NULL,
  `new_price` double NOT NULL
) ENGINE=InnoDB DEFAULT CHARSET=utf8;

--
-- Dumping data for table `c21_temp_products`
--

INSERT INTO `c21_temp_products` (`id`, `arabic`, `price`, `new_price`) VALUES
(1, 'مشروم اومليت', 24.58, 25.95),
(2, 'جريك اومليت', 24.58, 25.95),
(4, 'كرواسون', 23.46, 24.95),
(5, 'سمبوسك', 20.1, 21.95),
(6, 'بطاطس كروكيت بالفراخ', 25.7, 26.95),
(7, 'عيش بالثوم و الموزاريلا', 15.62, 16.95),
(8, 'جمبري كوكتيل', 34.66, 35.95),
(9, 'خضار سوتيه', 25.7, 26.95),
(10, 'بطاطس هوم فرايز', 25.7, 26.95),
(11, 'سلطة سيزر', 25.7, 26.95),
(12, 'سلطة سيزر جمبري', 25.7, 26.95),
(13, 'جريك سلاد', 17.86, 18.95),
(14, 'شيف سلاد', 22.34, 23.95),
(15, 'سلطة تونة', 20.1, 21.95),
(16, 'سلطة خضراء', 11.14, 12.95),
(17, 'شوربة بروكلي', 13.38, 14.95),
(18, 'شوربة عدس', 10.02, 11.95),
(19, 'شوربة كريمة المشروم', 11.14, 12.95),
(20, 'شوربة بصل', 12.26, 13.95),
(21, 'شوربة فراخ بالكريمة', 12.26, 13.95),
(22, 'شوربة طماطم', 10.02, 11.95),
(23, 'مكرونة بستو صوص', 23.46, 24.95),
(24, 'مكرونة بولونيز', 23.46, 24.95),
(25, 'مكرونة الفريدو', 26.82, 27.95),
(26, 'مكرونة بريمافيرا', 18.98, 19.95),
(27, 'مكرونة بوتانسكا', 21.22, 22.95),
(28, 'مكرونة ميت بول', 23.46, 24.95),
(29, 'مكرونة بيكيد زيتي', 22.34, 23.95),
(30, 'مكرونة بالكاري', 21.22, 22.95),
(31, 'مكرونة سي قود', 34.66, 35.95),
(32, 'طبق بيكاتا مشرو1', 45.86, 46.95),
(33, 'طبق فراخ مكسيكان', 40.26, 41.95),
(34, 'طبق فراخ بانيه', 43.62, 44.95),
(35, 'طبق فراخ مشوية', 40.26, 41.95),
(36, 'طبق فراخ بالكاري', 38.02, 39.95),
(37, 'طبق فراخ بانيه', 45.86, 46.95),
(38, 'طبق كبدة اسكندراني', 34.66, 35.95),
(39, 'طبق كبدة مشوية على الفحم', 45.86, 46.95),
(40, 'طبق خضار مشكل', 21.22, 22.95),
(41, 'طبق سبيط مقلي', 45.86, 46.95),
(42, 'طاجن السبيط', 40.26, 41.95),
(43, 'شرائح البتلو', 57.06, 58.95),
(44, 'نيويورك ستيك', 51.46, 52.95),
(45, 'جريك ستيك', 51.46, 52.95),
(46, 'ساندوتش فراخ كيف', 22.34, 23.95),
(47, 'ساندوتش فراخ بارمجان', 22.34, 23.95),
(48, 'ساندوتش ميتبول بارمجان', 22.34, 23.95),
(49, 'ساندوتش شيكين كاتشاتوري', 22.34, 23.95),
(50, 'ساندوتش فراخ بانيه', 22.34, 23.95),
(51, 'ساندوتش فراخ مكسيكان', 22.34, 23.95),
(52, 'ساندوتش فراخ كاجون', 22.34, 23.95),
(53, 'ساندوتش شيش طاووق', 20.16, 21.95),
(54, 'ساندوتش فراخ بالكاري', 22.34, 23.95),
(55, 'ساندوتش صدور لراخ مشوية', 22.34, 23.95),
(56, 'ساندوتش كبدة مشوية', 22.34, 23.95),
(57, 'ساندوتش كبدة اسكندراني', 21.22, 22.95),
(58, 'ساندوتش هوت دوج', 20.1, 21.95),
(59, 'ساندوتش فيلادلفيا ستيك', 23.46, 24.95),
(60, 'ساندتش اسكالوب بانيه', 23.46, 24.95),
(61, 'شاندوتش سبيط مقلي', 26.82, 27.95),
(62, 'ساندوتش جمبري مقلي', 26.82, 27.95),
(63, 'ساندوتش جمبري مكسيكان', 25.7, 26.95),
(64, 'ساندوتش سلطة تونة', 23.46, 24.95),
(65, 'برجر كاليفورنيا', 21.22, 22.95),
(66, 'برجر فراخ', 20.1, 21.95),
(67, 'برجر باربكيو', 21.22, 22.95),
(68, 'برجر ديلوكس', 23.46, 24.95),
(69, 'برجر فراخ', 23.46, 24.95),
(70, 'برجر خضروات', 15.62, 16.95),
(71, 'بيتزا مارجريتا', 23.46, 24.95),
(72, 'بيتزا فيجيتيريان', 24.58, 25.95),
(73, 'بيتزا مشروم', 25.7, 26.95),
(74, 'بيتزا جمبري', 31.3, 32.95),
(75, 'بيتزا زيتون', 25.7, 26.95),
(76, 'بيتزا بيبيروني', 26.82, 27.95),
(77, 'بيتزا سجق', 26.82, 27.95),
(78, 'بيتزا تونة', 27.94, 28.95),
(79, 'بيتزا فراخ و باربيكيو', 27.94, 28.95),
(80, 'بيتزا انشوجة', 27.94, 28.95),
(81, 'بيتزا لحمة مفرومة', 25.7, 26.95),
(82, 'ريستريتو', 12.26, 13.95),
(83, 'اكسبريسو', 12.26, 13.95),
(84, 'اكسبيسو شوكولاتة', 14.5, 15.95),
(85, 'اكسبريسو ماكياطو', 14.5, 15.95),
(86, 'قهوة تركي', 11.14, 12.95),
(87, 'كابتشينو', 14.5, 15.95),
(88, 'كافيه لاتيه', 14.5, 15.95),
(89, 'كافيه موكا', 14.5, 15.95),
(90, 'اميريكان كوفي', 14.5, 15.95),
(91, 'هامار هيد', 17.86, 18.95),
(92, 'كافيه نوتيلا', 16.74, 17.95),
(93, 'كافيه مالتيزرز', 16.74, 17.95),
(94, 'كافيه فلوتس', 16.74, 17.95),
(95, 'كافيه جامايكا', 16.74, 17.95),
(96, 'قهوة نكهات', 16.74, 17.95),
(97, 'ايس لاتيه', 15.62, 16.95),
(98, 'ايس موكا', 15.62, 16.95),
(99, 'موكا فرابيه', 16.74, 17.95),
(101, 'شاي اخضر', 11.14, 12.95),
(102, 'شاي نكهات', 12.26, 13.95),
(103, 'شاي بالنعناع', 10.02, 11.95),
(104, 'شاي ايرل جراي', 12.26, 13.95),
(107, 'هوت شوكوليت هازلنتس', 13.38, 14.95),
(108, 'فيتامين - سي', 12.26, 13.95),
(109, 'ايس كابتشينو', 13.38, 14.95),
(110, 'نعناع باءد', 12.26, 13.95),
(111, 'مانجو', 14.5, 15.95),
(112, 'فراول', 14.5, 15.95),
(113, 'موز', 14.5, 15.95),
(114, 'برتفال', 13.38, 14.95),
(115, 'ليمون', 13.38, 14.95),
(116, 'جراندينا', 14.5, 15.95),
(117, 'رمان', 15.62, 16.95),
(118, 'كانتلوب', 14.5, 15.95),
(119, 'بطيخ', 14.5, 15.95),
(120, 'كوكتيل مارجريتا', 16.74, 17.95),
(121, 'كوكتيل فليجر', 15.62, 16.95),
(122, 'شيري كولا', 15.62, 16.95),
(123, 'صن رايز', 16.74, 17.95),
(124, 'ايطاليان صودا', 15.62, 16.95),
(125, 'سامبا', 17.86, 18.95),
(126, 'روزانا بانانا', 16.74, 17.95),
(127, 'بيناكولادا', 16.74, 17.95),
(128, 'كوكتيل زبادي', 16.74, 17.95),
(129, 'كوكتيل فيرجين ماري', 13.38, 14.95),
(130, 'كوكتيل فلوريدا', 16.74, 17.95),
(131, 'ميلك شيك مانجو', 15.62, 16.95),
(132, 'ميلك شيك فراولة', 15.62, 16.95),
(133, 'ميلك شيك شوكولاتة', 15.62, 16.95),
(134, 'ميلك شيك نعناع', 15.62, 16.95),
(135, 'ميلك شيك قهوة', 15.62, 16.95),
(136, 'ميلك شيك فانيليا', 15.62, 16.95),
(137, 'ميلك شيك نعنتع', 15.62, 16.95),
(138, 'ميلك شيك بوريو', 16.74, 17.95),
(139, 'صودا', 8.96, 9.95),
(140, 'مياه معدنية', 4.48, 5.95),
(141, 'مياه معدنية', 6.72, 7.95),
(142, 'كلوب صودا', 9.52, 10.95),
(143, 'تونيك', 9.52, 10.95),
(144, 'بيريل', 9.52, 10.95),
(145, 'فيروز', 9.52, 10.95),
(146, 'بروفيترول', 17.86, 18.95),
(147, 'شوكوليت لوقرز', 23.46, 24.95),
(148, 'ترتل شوكوليت لوفرز', 20.1, 21.95),
(149, 'شوكوليت كيك', 17.86, 18.95),
(150, 'بانانا سبليت', 26.82, 27.95),
(151, 'فدج براونيز', 20.1, 21.95),
(152, 'كوب جاك', 18.98, 19.95),
(153, 'اوريو مادنس', 22.34, 23.95),
(154, 'ام علي', 16.74, 17.95),
(155, 'كريم كراميل', 14.5, 15.95),
(156, 'موس شوكولاتة', 18.98, 19.95),
(157, 'ايس كريم', 20.1, 21.95),
(158, 'كريب حلو', 15.62, 16.95),
(159, 'رز باللبن', 13.38, 14.95),
(160, 'رز باللبن بالايس كريم', 17.86, 18.95),
(161, 'جيلي فواكه', 16.74, 17.95),
(167, 'خضار مشوي على الفحم', 25.7, 26.95),
(168, 'عربي', 15.62, 16.95),
(169, 'afadsasef', 1358.56, 1359.95),
(176, 'عربي', 14.56, 15.95),
(177, 'مشينكاح', 51.52, 52.95),
(178, 'مشينكاح', 51.52, 52.95),
(179, 'طلوط مقلي', 14.56, 15.95),
(180, 'افطار Club21', 23.52, 24.95),
(1, 'مشروم اومليت', 24.58, 25.95),
(2, 'جريك اومليت', 24.58, 25.95),
(4, 'كرواسون', 23.46, 24.95),
(5, 'سمبوسك', 20.1, 21.95),
(6, 'بطاطس كروكيت بالفراخ', 25.7, 26.95),
(7, 'عيش بالثوم و الموزاريلا', 15.62, 16.95),
(8, 'جمبري كوكتيل', 34.66, 35.95),
(9, 'خضار سوتيه', 25.7, 26.95),
(10, 'بطاطس هوم فرايز', 25.7, 26.95),
(11, 'سلطة سيزر', 25.7, 26.95),
(12, 'سلطة سيزر جمبري', 25.7, 26.95),
(13, 'جريك سلاد', 17.86, 18.95),
(14, 'شيف سلاد', 22.34, 23.95),
(15, 'سلطة تونة', 20.1, 21.95),
(16, 'سلطة خضراء', 11.14, 12.95),
(17, 'شوربة بروكلي', 13.38, 14.95),
(18, 'شوربة عدس', 10.02, 11.95),
(19, 'شوربة كريمة المشروم', 11.14, 12.95),
(20, 'شوربة بصل', 12.26, 13.95),
(21, 'شوربة فراخ بالكريمة', 12.26, 13.95),
(22, 'شوربة طماطم', 10.02, 11.95),
(23, 'مكرونة بستو صوص', 23.46, 24.95),
(24, 'مكرونة بولونيز', 23.46, 24.95),
(25, 'مكرونة الفريدو', 26.82, 27.95),
(26, 'مكرونة بريمافيرا', 18.98, 19.95),
(27, 'مكرونة بوتانسكا', 21.22, 22.95),
(28, 'مكرونة ميت بول', 23.46, 24.95),
(29, 'مكرونة بيكيد زيتي', 22.34, 23.95),
(30, 'مكرونة بالكاري', 21.22, 22.95),
(31, 'مكرونة سي قود', 34.66, 35.95),
(32, 'طبق بيكاتا مشرو1', 45.86, 46.95),
(33, 'طبق فراخ مكسيكان', 40.26, 41.95),
(34, 'طبق فراخ بانيه', 43.62, 44.95),
(35, 'طبق فراخ مشوية', 40.26, 41.95),
(36, 'طبق فراخ بالكاري', 38.02, 39.95),
(37, 'طبق فراخ بانيه', 45.86, 46.95),
(38, 'طبق كبدة اسكندراني', 34.66, 35.95),
(39, 'طبق كبدة مشوية على الفحم', 45.86, 46.95),
(40, 'طبق خضار مشكل', 21.22, 22.95),
(41, 'طبق سبيط مقلي', 45.86, 46.95),
(42, 'طاجن السبيط', 40.26, 41.95),
(43, 'شرائح البتلو', 57.06, 58.95),
(44, 'نيويورك ستيك', 51.46, 52.95),
(45, 'جريك ستيك', 51.46, 52.95),
(46, 'ساندوتش فراخ كيف', 22.34, 23.95),
(47, 'ساندوتش فراخ بارمجان', 22.34, 23.95),
(48, 'ساندوتش ميتبول بارمجان', 22.34, 23.95),
(49, 'ساندوتش شيكين كاتشاتوري', 22.34, 23.95),
(50, 'ساندوتش فراخ بانيه', 22.34, 23.95),
(51, 'ساندوتش فراخ مكسيكان', 22.34, 23.95),
(52, 'ساندوتش فراخ كاجون', 22.34, 23.95),
(53, 'ساندوتش شيش طاووق', 20.16, 21.95),
(54, 'ساندوتش فراخ بالكاري', 22.34, 23.95),
(55, 'ساندوتش صدور لراخ مشوية', 22.34, 23.95),
(56, 'ساندوتش كبدة مشوية', 22.34, 23.95),
(57, 'ساندوتش كبدة اسكندراني', 21.22, 22.95),
(58, 'ساندوتش هوت دوج', 20.1, 21.95),
(59, 'ساندوتش فيلادلفيا ستيك', 23.46, 24.95),
(60, 'ساندتش اسكالوب بانيه', 23.46, 24.95),
(61, 'شاندوتش سبيط مقلي', 26.82, 27.95),
(62, 'ساندوتش جمبري مقلي', 26.82, 27.95),
(63, 'ساندوتش جمبري مكسيكان', 25.7, 26.95),
(64, 'ساندوتش سلطة تونة', 23.46, 24.95),
(65, 'برجر كاليفورنيا', 21.22, 22.95),
(66, 'برجر فراخ', 20.1, 21.95),
(67, 'برجر باربكيو', 21.22, 22.95),
(68, 'برجر ديلوكس', 23.46, 24.95),
(69, 'برجر فراخ', 23.46, 24.95),
(70, 'برجر خضروات', 15.62, 16.95),
(71, 'بيتزا مارجريتا', 23.46, 24.95),
(72, 'بيتزا فيجيتيريان', 24.58, 25.95),
(73, 'بيتزا مشروم', 25.7, 26.95),
(74, 'بيتزا جمبري', 31.3, 32.95),
(75, 'بيتزا زيتون', 25.7, 26.95),
(76, 'بيتزا بيبيروني', 26.82, 27.95),
(77, 'بيتزا سجق', 26.82, 27.95),
(78, 'بيتزا تونة', 27.94, 28.95),
(79, 'بيتزا فراخ و باربيكيو', 27.94, 28.95),
(80, 'بيتزا انشوجة', 27.94, 28.95),
(81, 'بيتزا لحمة مفرومة', 25.7, 26.95),
(82, 'ريستريتو', 12.26, 13.95),
(83, 'اكسبريسو', 12.26, 13.95),
(84, 'اكسبيسو شوكولاتة', 14.5, 15.95),
(85, 'اكسبريسو ماكياطو', 14.5, 15.95),
(86, 'قهوة تركي', 11.14, 12.95),
(87, 'كابتشينو', 14.5, 15.95),
(88, 'كافيه لاتيه', 14.5, 15.95),
(89, 'كافيه موكا', 14.5, 15.95),
(90, 'اميريكان كوفي', 14.5, 15.95),
(91, 'هامار هيد', 17.86, 18.95),
(92, 'كافيه نوتيلا', 16.74, 17.95),
(93, 'كافيه مالتيزرز', 16.74, 17.95),
(94, 'كافيه فلوتس', 16.74, 17.95),
(95, 'كافيه جامايكا', 16.74, 17.95),
(96, 'قهوة نكهات', 16.74, 17.95),
(97, 'ايس لاتيه', 15.62, 16.95),
(98, 'ايس موكا', 15.62, 16.95),
(99, 'موكا فرابيه', 16.74, 17.95),
(101, 'شاي اخضر', 11.14, 12.95),
(102, 'شاي نكهات', 12.26, 13.95),
(103, 'شاي بالنعناع', 10.02, 11.95),
(104, 'شاي ايرل جراي', 12.26, 13.95),
(107, 'هوت شوكوليت هازلنتس', 13.38, 14.95),
(108, 'فيتامين - سي', 12.26, 13.95),
(109, 'ايس كابتشينو', 13.38, 14.95),
(110, 'نعناع باءد', 12.26, 13.95),
(111, 'مانجو', 14.5, 15.95),
(112, 'فراول', 14.5, 15.95),
(113, 'موز', 14.5, 15.95),
(114, 'برتفال', 13.38, 14.95),
(115, 'ليمون', 13.38, 14.95),
(116, 'جراندينا', 14.5, 15.95),
(117, 'رمان', 15.62, 16.95),
(118, 'كانتلوب', 14.5, 15.95),
(119, 'بطيخ', 14.5, 15.95),
(120, 'كوكتيل مارجريتا', 16.74, 17.95),
(121, 'كوكتيل فليجر', 15.62, 16.95),
(122, 'شيري كولا', 15.62, 16.95),
(123, 'صن رايز', 16.74, 17.95),
(124, 'ايطاليان صودا', 15.62, 16.95),
(125, 'سامبا', 17.86, 18.95),
(126, 'روزانا بانانا', 16.74, 17.95),
(127, 'بيناكولادا', 16.74, 17.95),
(128, 'كوكتيل زبادي', 16.74, 17.95),
(129, 'كوكتيل فيرجين ماري', 13.38, 14.95),
(130, 'كوكتيل فلوريدا', 16.74, 17.95),
(131, 'ميلك شيك مانجو', 15.62, 16.95),
(132, 'ميلك شيك فراولة', 15.62, 16.95),
(133, 'ميلك شيك شوكولاتة', 15.62, 16.95),
(134, 'ميلك شيك نعناع', 15.62, 16.95),
(135, 'ميلك شيك قهوة', 15.62, 16.95),
(136, 'ميلك شيك فانيليا', 15.62, 16.95),
(137, 'ميلك شيك نعنتع', 15.62, 16.95),
(138, 'ميلك شيك بوريو', 16.74, 17.95),
(139, 'صودا', 8.96, 9.95),
(140, 'مياه معدنية', 4.48, 5.95),
(141, 'مياه معدنية', 6.72, 7.95),
(142, 'كلوب صودا', 9.52, 10.95),
(143, 'تونيك', 9.52, 10.95),
(144, 'بيريل', 9.52, 10.95),
(145, 'فيروز', 9.52, 10.95),
(146, 'بروفيترول', 17.86, 18.95),
(147, 'شوكوليت لوقرز', 23.46, 24.95),
(148, 'ترتل شوكوليت لوفرز', 20.1, 21.95),
(149, 'شوكوليت كيك', 17.86, 18.95),
(150, 'بانانا سبليت', 26.82, 27.95),
(151, 'فدج براونيز', 20.1, 21.95),
(152, 'كوب جاك', 18.98, 19.95),
(153, 'اوريو مادنس', 22.34, 23.95),
(154, 'ام علي', 16.74, 17.95),
(155, 'كريم كراميل', 14.5, 15.95),
(156, 'موس شوكولاتة', 18.98, 19.95),
(157, 'ايس كريم', 20.1, 21.95),
(158, 'كريب حلو', 15.62, 16.95),
(159, 'رز باللبن', 13.38, 14.95),
(160, 'رز باللبن بالايس كريم', 17.86, 18.95),
(161, 'جيلي فواكه', 16.74, 17.95),
(167, 'خضار مشوي على الفحم', 25.7, 26.95),
(168, 'عربي', 15.62, 16.95),
(169, 'afadsasef', 1358.56, 1359.95),
(176, 'عربي', 14.56, 15.95),
(177, 'مشينكاح', 51.52, 52.95),
(178, 'مشينكاح', 51.52, 52.95),
(179, 'طلوط مقلي', 14.56, 15.95),
(180, 'افطار Club21', 23.52, 24.95),
(1, 'مشروم اومليت', 24.58, 25.95),
(2, 'جريك اومليت', 24.58, 25.95),
(4, 'كرواسون', 23.46, 24.95),
(5, 'سمبوسك', 20.1, 21.95),
(6, 'بطاطس كروكيت بالفراخ', 25.7, 26.95),
(7, 'عيش بالثوم و الموزاريلا', 15.62, 16.95),
(8, 'جمبري كوكتيل', 34.66, 35.95),
(9, 'خضار سوتيه', 25.7, 26.95),
(10, 'بطاطس هوم فرايز', 25.7, 26.95),
(11, 'سلطة سيزر', 25.7, 26.95),
(12, 'سلطة سيزر جمبري', 25.7, 26.95),
(13, 'جريك سلاد', 17.86, 18.95),
(14, 'شيف سلاد', 22.34, 23.95),
(15, 'سلطة تونة', 20.1, 21.95),
(16, 'سلطة خضراء', 11.14, 12.95),
(17, 'شوربة بروكلي', 13.38, 14.95),
(18, 'شوربة عدس', 10.02, 11.95),
(19, 'شوربة كريمة المشروم', 11.14, 12.95),
(20, 'شوربة بصل', 12.26, 13.95),
(21, 'شوربة فراخ بالكريمة', 12.26, 13.95),
(22, 'شوربة طماطم', 10.02, 11.95),
(23, 'مكرونة بستو صوص', 23.46, 24.95),
(24, 'مكرونة بولونيز', 23.46, 24.95),
(25, 'مكرونة الفريدو', 26.82, 27.95),
(26, 'مكرونة بريمافيرا', 18.98, 19.95),
(27, 'مكرونة بوتانسكا', 21.22, 22.95),
(28, 'مكرونة ميت بول', 23.46, 24.95),
(29, 'مكرونة بيكيد زيتي', 22.34, 23.95),
(30, 'مكرونة بالكاري', 21.22, 22.95),
(31, 'مكرونة سي قود', 34.66, 35.95),
(32, 'طبق بيكاتا مشرو1', 45.86, 46.95),
(33, 'طبق فراخ مكسيكان', 40.26, 41.95),
(34, 'طبق فراخ بانيه', 43.62, 44.95),
(35, 'طبق فراخ مشوية', 40.26, 41.95),
(36, 'طبق فراخ بالكاري', 38.02, 39.95),
(37, 'طبق فراخ بانيه', 45.86, 46.95),
(38, 'طبق كبدة اسكندراني', 34.66, 35.95),
(39, 'طبق كبدة مشوية على الفحم', 45.86, 46.95),
(40, 'طبق خضار مشكل', 21.22, 22.95),
(41, 'طبق سبيط مقلي', 45.86, 46.95),
(42, 'طاجن السبيط', 40.26, 41.95),
(43, 'شرائح البتلو', 57.06, 58.95),
(44, 'نيويورك ستيك', 51.46, 52.95),
(45, 'جريك ستيك', 51.46, 52.95),
(46, 'ساندوتش فراخ كيف', 22.34, 23.95),
(47, 'ساندوتش فراخ بارمجان', 22.34, 23.95),
(48, 'ساندوتش ميتبول بارمجان', 22.34, 23.95),
(49, 'ساندوتش شيكين كاتشاتوري', 22.34, 23.95),
(50, 'ساندوتش فراخ بانيه', 22.34, 23.95),
(51, 'ساندوتش فراخ مكسيكان', 22.34, 23.95),
(52, 'ساندوتش فراخ كاجون', 22.34, 23.95),
(53, 'ساندوتش شيش طاووق', 20.16, 21.95),
(54, 'ساندوتش فراخ بالكاري', 22.34, 23.95),
(55, 'ساندوتش صدور لراخ مشوية', 22.34, 23.95),
(56, 'ساندوتش كبدة مشوية', 22.34, 23.95),
(57, 'ساندوتش كبدة اسكندراني', 21.22, 22.95),
(58, 'ساندوتش هوت دوج', 20.1, 21.95),
(59, 'ساندوتش فيلادلفيا ستيك', 23.46, 24.95),
(60, 'ساندتش اسكالوب بانيه', 23.46, 24.95),
(61, 'شاندوتش سبيط مقلي', 26.82, 27.95),
(62, 'ساندوتش جمبري مقلي', 26.82, 27.95),
(63, 'ساندوتش جمبري مكسيكان', 25.7, 26.95),
(64, 'ساندوتش سلطة تونة', 23.46, 24.95),
(65, 'برجر كاليفورنيا', 21.22, 22.95),
(66, 'برجر فراخ', 20.1, 21.95),
(67, 'برجر باربكيو', 21.22, 22.95),
(68, 'برجر ديلوكس', 23.46, 24.95),
(69, 'برجر فراخ', 23.46, 24.95),
(70, 'برجر خضروات', 15.62, 16.95),
(71, 'بيتزا مارجريتا', 23.46, 24.95),
(72, 'بيتزا فيجيتيريان', 24.58, 25.95),
(73, 'بيتزا مشروم', 25.7, 26.95),
(74, 'بيتزا جمبري', 31.3, 32.95),
(75, 'بيتزا زيتون', 25.7, 26.95),
(76, 'بيتزا بيبيروني', 26.82, 27.95),
(77, 'بيتزا سجق', 26.82, 27.95),
(78, 'بيتزا تونة', 27.94, 28.95),
(79, 'بيتزا فراخ و باربيكيو', 27.94, 28.95),
(80, 'بيتزا انشوجة', 27.94, 28.95),
(81, 'بيتزا لحمة مفرومة', 25.7, 26.95),
(82, 'ريستريتو', 12.26, 13.95),
(83, 'اكسبريسو', 12.26, 13.95),
(84, 'اكسبيسو شوكولاتة', 14.5, 15.95),
(85, 'اكسبريسو ماكياطو', 14.5, 15.95),
(86, 'قهوة تركي', 11.14, 12.95),
(87, 'كابتشينو', 14.5, 15.95),
(88, 'كافيه لاتيه', 14.5, 15.95),
(89, 'كافيه موكا', 14.5, 15.95),
(90, 'اميريكان كوفي', 14.5, 15.95),
(91, 'هامار هيد', 17.86, 18.95),
(92, 'كافيه نوتيلا', 16.74, 17.95),
(93, 'كافيه مالتيزرز', 16.74, 17.95),
(94, 'كافيه فلوتس', 16.74, 17.95),
(95, 'كافيه جامايكا', 16.74, 17.95),
(96, 'قهوة نكهات', 16.74, 17.95),
(97, 'ايس لاتيه', 15.62, 16.95),
(98, 'ايس موكا', 15.62, 16.95),
(99, 'موكا فرابيه', 16.74, 17.95),
(101, 'شاي اخضر', 11.14, 12.95),
(102, 'شاي نكهات', 12.26, 13.95),
(103, 'شاي بالنعناع', 10.02, 11.95),
(104, 'شاي ايرل جراي', 12.26, 13.95),
(107, 'هوت شوكوليت هازلنتس', 13.38, 14.95),
(108, 'فيتامين - سي', 12.26, 13.95),
(109, 'ايس كابتشينو', 13.38, 14.95),
(110, 'نعناع باءد', 12.26, 13.95),
(111, 'مانجو', 14.5, 15.95),
(112, 'فراول', 14.5, 15.95),
(113, 'موز', 14.5, 15.95),
(114, 'برتفال', 13.38, 14.95),
(115, 'ليمون', 13.38, 14.95),
(116, 'جراندينا', 14.5, 15.95),
(117, 'رمان', 15.62, 16.95),
(118, 'كانتلوب', 14.5, 15.95),
(119, 'بطيخ', 14.5, 15.95),
(120, 'كوكتيل مارجريتا', 16.74, 17.95),
(121, 'كوكتيل فليجر', 15.62, 16.95),
(122, 'شيري كولا', 15.62, 16.95),
(123, 'صن رايز', 16.74, 17.95),
(124, 'ايطاليان صودا', 15.62, 16.95),
(125, 'سامبا', 17.86, 18.95),
(126, 'روزانا بانانا', 16.74, 17.95),
(127, 'بيناكولادا', 16.74, 17.95),
(128, 'كوكتيل زبادي', 16.74, 17.95),
(129, 'كوكتيل فيرجين ماري', 13.38, 14.95),
(130, 'كوكتيل فلوريدا', 16.74, 17.95),
(131, 'ميلك شيك مانجو', 15.62, 16.95),
(132, 'ميلك شيك فراولة', 15.62, 16.95),
(133, 'ميلك شيك شوكولاتة', 15.62, 16.95),
(134, 'ميلك شيك نعناع', 15.62, 16.95),
(135, 'ميلك شيك قهوة', 15.62, 16.95),
(136, 'ميلك شيك فانيليا', 15.62, 16.95),
(137, 'ميلك شيك نعنتع', 15.62, 16.95),
(138, 'ميلك شيك بوريو', 16.74, 17.95),
(139, 'صودا', 8.96, 9.95),
(140, 'مياه معدنية', 4.48, 5.95),
(141, 'مياه معدنية', 6.72, 7.95),
(142, 'كلوب صودا', 9.52, 10.95),
(143, 'تونيك', 9.52, 10.95),
(144, 'بيريل', 9.52, 10.95),
(145, 'فيروز', 9.52, 10.95),
(146, 'بروفيترول', 17.86, 18.95),
(147, 'شوكوليت لوقرز', 23.46, 24.95),
(148, 'ترتل شوكوليت لوفرز', 20.1, 21.95),
(149, 'شوكوليت كيك', 17.86, 18.95),
(150, 'بانانا سبليت', 26.82, 27.95),
(151, 'فدج براونيز', 20.1, 21.95),
(152, 'كوب جاك', 18.98, 19.95),
(153, 'اوريو مادنس', 22.34, 23.95),
(154, 'ام علي', 16.74, 17.95),
(155, 'كريم كراميل', 14.5, 15.95),
(156, 'موس شوكولاتة', 18.98, 19.95),
(157, 'ايس كريم', 20.1, 21.95),
(158, 'كريب حلو', 15.62, 16.95),
(159, 'رز باللبن', 13.38, 14.95),
(160, 'رز باللبن بالايس كريم', 17.86, 18.95),
(161, 'جيلي فواكه', 16.74, 17.95),
(167, 'خضار مشوي على الفحم', 25.7, 26.95),
(168, 'عربي', 15.62, 16.95),
(169, 'afadsasef', 1358.56, 1359.95),
(176, 'عربي', 14.56, 15.95),
(177, 'مشينكاح', 51.52, 52.95),
(178, 'مشينكاح', 51.52, 52.95),
(179, 'طلوط مقلي', 14.56, 15.95),
(180, 'افطار Club21', 23.52, 24.95),
(1, 'مشروم اومليت', 24.58, 25.95),
(2, 'جريك اومليت', 24.58, 25.95),
(4, 'كرواسون', 23.46, 24.95),
(5, 'سمبوسك', 20.1, 21.95),
(6, 'بطاطس كروكيت بالفراخ', 25.7, 26.95),
(7, 'عيش بالثوم و الموزاريلا', 15.62, 16.95),
(8, 'جمبري كوكتيل', 34.66, 35.95),
(9, 'خضار سوتيه', 25.7, 26.95),
(10, 'بطاطس هوم فرايز', 25.7, 26.95),
(11, 'سلطة سيزر', 25.7, 26.95),
(12, 'سلطة سيزر جمبري', 25.7, 26.95),
(13, 'جريك سلاد', 17.86, 18.95),
(14, 'شيف سلاد', 22.34, 23.95),
(15, 'سلطة تونة', 20.1, 21.95),
(16, 'سلطة خضراء', 11.14, 12.95),
(17, 'شوربة بروكلي', 13.38, 14.95),
(18, 'شوربة عدس', 10.02, 11.95),
(19, 'شوربة كريمة المشروم', 11.14, 12.95),
(20, 'شوربة بصل', 12.26, 13.95),
(21, 'شوربة فراخ بالكريمة', 12.26, 13.95),
(22, 'شوربة طماطم', 10.02, 11.95),
(23, 'مكرونة بستو صوص', 23.46, 24.95),
(24, 'مكرونة بولونيز', 23.46, 24.95),
(25, 'مكرونة الفريدو', 26.82, 27.95),
(26, 'مكرونة بريمافيرا', 18.98, 19.95),
(27, 'مكرونة بوتانسكا', 21.22, 22.95),
(28, 'مكرونة ميت بول', 23.46, 24.95),
(29, 'مكرونة بيكيد زيتي', 22.34, 23.95),
(30, 'مكرونة بالكاري', 21.22, 22.95),
(31, 'مكرونة سي قود', 34.66, 35.95),
(32, 'طبق بيكاتا مشرو1', 45.86, 46.95),
(33, 'طبق فراخ مكسيكان', 40.26, 41.95),
(34, 'طبق فراخ بانيه', 43.62, 44.95),
(35, 'طبق فراخ مشوية', 40.26, 41.95),
(36, 'طبق فراخ بالكاري', 38.02, 39.95),
(37, 'طبق فراخ بانيه', 45.86, 46.95),
(38, 'طبق كبدة اسكندراني', 34.66, 35.95),
(39, 'طبق كبدة مشوية على الفحم', 45.86, 46.95),
(40, 'طبق خضار مشكل', 21.22, 22.95),
(41, 'طبق سبيط مقلي', 45.86, 46.95),
(42, 'طاجن السبيط', 40.26, 41.95),
(43, 'شرائح البتلو', 57.06, 58.95),
(44, 'نيويورك ستيك', 51.46, 52.95),
(45, 'جريك ستيك', 51.46, 52.95),
(46, 'ساندوتش فراخ كيف', 22.34, 23.95),
(47, 'ساندوتش فراخ بارمجان', 22.34, 23.95),
(48, 'ساندوتش ميتبول بارمجان', 22.34, 23.95),
(49, 'ساندوتش شيكين كاتشاتوري', 22.34, 23.95),
(50, 'ساندوتش فراخ بانيه', 22.34, 23.95),
(51, 'ساندوتش فراخ مكسيكان', 22.34, 23.95),
(52, 'ساندوتش فراخ كاجون', 22.34, 23.95),
(53, 'ساندوتش شيش طاووق', 20.16, 21.95),
(54, 'ساندوتش فراخ بالكاري', 22.34, 23.95),
(55, 'ساندوتش صدور لراخ مشوية', 22.34, 23.95),
(56, 'ساندوتش كبدة مشوية', 22.34, 23.95),
(57, 'ساندوتش كبدة اسكندراني', 21.22, 22.95),
(58, 'ساندوتش هوت دوج', 20.1, 21.95),
(59, 'ساندوتش فيلادلفيا ستيك', 23.46, 24.95),
(60, 'ساندتش اسكالوب بانيه', 23.46, 24.95),
(61, 'شاندوتش سبيط مقلي', 26.82, 27.95),
(62, 'ساندوتش جمبري مقلي', 26.82, 27.95),
(63, 'ساندوتش جمبري مكسيكان', 25.7, 26.95),
(64, 'ساندوتش سلطة تونة', 23.46, 24.95),
(65, 'برجر كاليفورنيا', 21.22, 22.95),
(66, 'برجر فراخ', 20.1, 21.95),
(67, 'برجر باربكيو', 21.22, 22.95),
(68, 'برجر ديلوكس', 23.46, 24.95),
(69, 'برجر فراخ', 23.46, 24.95),
(70, 'برجر خضروات', 15.62, 16.95),
(71, 'بيتزا مارجريتا', 23.46, 24.95),
(72, 'بيتزا فيجيتيريان', 24.58, 25.95),
(73, 'بيتزا مشروم', 25.7, 26.95),
(74, 'بيتزا جمبري', 31.3, 32.95),
(75, 'بيتزا زيتون', 25.7, 26.95),
(76, 'بيتزا بيبيروني', 26.82, 27.95),
(77, 'بيتزا سجق', 26.82, 27.95),
(78, 'بيتزا تونة', 27.94, 28.95),
(79, 'بيتزا فراخ و باربيكيو', 27.94, 28.95),
(80, 'بيتزا انشوجة', 27.94, 28.95),
(81, 'بيتزا لحمة مفرومة', 25.7, 26.95),
(82, 'ريستريتو', 12.26, 13.95),
(83, 'اكسبريسو', 12.26, 13.95),
(84, 'اكسبيسو شوكولاتة', 14.5, 15.95),
(85, 'اكسبريسو ماكياطو', 14.5, 15.95),
(86, 'قهوة تركي', 11.14, 12.95),
(87, 'كابتشينو', 14.5, 15.95),
(88, 'كافيه لاتيه', 14.5, 15.95),
(89, 'كافيه موكا', 14.5, 15.95),
(90, 'اميريكان كوفي', 14.5, 15.95),
(91, 'هامار هيد', 17.86, 18.95),
(92, 'كافيه نوتيلا', 16.74, 17.95),
(93, 'كافيه مالتيزرز', 16.74, 17.95),
(94, 'كافيه فلوتس', 16.74, 17.95),
(95, 'كافيه جامايكا', 16.74, 17.95),
(96, 'قهوة نكهات', 16.74, 17.95),
(97, 'ايس لاتيه', 15.62, 16.95),
(98, 'ايس موكا', 15.62, 16.95),
(99, 'موكا فرابيه', 16.74, 17.95),
(101, 'شاي اخضر', 11.14, 12.95),
(102, 'شاي نكهات', 12.26, 13.95),
(103, 'شاي بالنعناع', 10.02, 11.95),
(104, 'شاي ايرل جراي', 12.26, 13.95),
(107, 'هوت شوكوليت هازلنتس', 13.38, 14.95),
(108, 'فيتامين - سي', 12.26, 13.95),
(109, 'ايس كابتشينو', 13.38, 14.95),
(110, 'نعناع باءد', 12.26, 13.95),
(111, 'مانجو', 14.5, 15.95),
(112, 'فراول', 14.5, 15.95),
(113, 'موز', 14.5, 15.95),
(114, 'برتفال', 13.38, 14.95),
(115, 'ليمون', 13.38, 14.95),
(116, 'جراندينا', 14.5, 15.95),
(117, 'رمان', 15.62, 16.95),
(118, 'كانتلوب', 14.5, 15.95),
(119, 'بطيخ', 14.5, 15.95),
(120, 'كوكتيل مارجريتا', 16.74, 17.95),
(121, 'كوكتيل فليجر', 15.62, 16.95),
(122, 'شيري كولا', 15.62, 16.95),
(123, 'صن رايز', 16.74, 17.95),
(124, 'ايطاليان صودا', 15.62, 16.95),
(125, 'سامبا', 17.86, 18.95),
(126, 'روزانا بانانا', 16.74, 17.95),
(127, 'بيناكولادا', 16.74, 17.95),
(128, 'كوكتيل زبادي', 16.74, 17.95),
(129, 'كوكتيل فيرجين ماري', 13.38, 14.95),
(130, 'كوكتيل فلوريدا', 16.74, 17.95),
(131, 'ميلك شيك مانجو', 15.62, 16.95),
(132, 'ميلك شيك فراولة', 15.62, 16.95),
(133, 'ميلك شيك شوكولاتة', 15.62, 16.95),
(134, 'ميلك شيك نعناع', 15.62, 16.95),
(135, 'ميلك شيك قهوة', 15.62, 16.95),
(136, 'ميلك شيك فانيليا', 15.62, 16.95),
(137, 'ميلك شيك نعنتع', 15.62, 16.95),
(138, 'ميلك شيك بوريو', 16.74, 17.95),
(139, 'صودا', 8.96, 9.95),
(140, 'مياه معدنية', 4.48, 5.95),
(141, 'مياه معدنية', 6.72, 7.95),
(142, 'كلوب صودا', 9.52, 10.95),
(143, 'تونيك', 9.52, 10.95),
(144, 'بيريل', 9.52, 10.95),
(145, 'فيروز', 9.52, 10.95),
(146, 'بروفيترول', 17.86, 18.95),
(147, 'شوكوليت لوقرز', 23.46, 24.95),
(148, 'ترتل شوكوليت لوفرز', 20.1, 21.95),
(149, 'شوكوليت كيك', 17.86, 18.95),
(150, 'بانانا سبليت', 26.82, 27.95),
(151, 'فدج براونيز', 20.1, 21.95),
(152, 'كوب جاك', 18.98, 19.95),
(153, 'اوريو مادنس', 22.34, 23.95),
(154, 'ام علي', 16.74, 17.95),
(155, 'كريم كراميل', 14.5, 15.95),
(156, 'موس شوكولاتة', 18.98, 19.95),
(157, 'ايس كريم', 20.1, 21.95),
(158, 'كريب حلو', 15.62, 16.95),
(159, 'رز باللبن', 13.38, 14.95),
(160, 'رز باللبن بالايس كريم', 17.86, 18.95),
(161, 'جيلي فواكه', 16.74, 17.95),
(167, 'خضار مشوي على الفحم', 25.7, 26.95),
(168, 'عربي', 15.62, 16.95),
(169, 'afadsasef', 1358.56, 1359.95),
(176, 'عربي', 14.56, 15.95),
(177, 'مشينكاح', 51.52, 52.95),
(178, 'مشينكاح', 51.52, 52.95),
(179, 'طلوط مقلي', 14.56, 15.95),
(180, 'افطار Club21', 23.52, 24.95);

-- --------------------------------------------------------

--
-- Table structure for table `c21_users`
--

CREATE TABLE `c21_users` (
  `id` int(11) NOT NULL,
  `name` varchar(100) NOT NULL,
  `username` varchar(100) NOT NULL,
  `password` varchar(100) NOT NULL,
  `role` varchar(10) NOT NULL DEFAULT 'cachier',
  `phone` varchar(20) NOT NULL
) ENGINE=InnoDB DEFAULT CHARSET=utf8;

--
-- Dumping data for table `c21_users`
--

INSERT INTO `c21_users` (`id`, `name`, `username`, `password`, `role`, `phone`) VALUES
(1, 'admin', 'admin', '202cb962ac59075b964b07152d234b70', 'admin', ''),
(2, 'muhammad', 'm.medhat', '202cb962ac59075b964b07152d234b70', 'cachier', ''),
(7, 'Muhammad', 'a', '0cc175b9c0f1b6a831c399e269772661', 'cachier', ''),
(8, 'mmm', 'mm', 'b3cd915d758008bd19d0f2428fbb354a', 'cachier', ''),
(9, '1111', '1', 'c4ca4238a0b923820dcc509a6f75849b', 'cachier', ''),
(10, 'g', 'g', 'b2f5ff47436671b6e533d8dc3614845d', 'cachier', ''),
(11, 'l', 'l', '2db95e8e1a9267b7a1188556b2013b33', 'cachier', ''),
(12, 'h', 'h', '2510c39011c5be704182423e3a695e91', 'cachier', ''),
(13, '2', '2', 'c81e728d9d4c2f636f067f89cc14862c', 'cachier', ''),
(14, 'q2', 'q', '7694f4a66316e53c8cdd9d9954bd611d', 'cachier', ''),
(15, '888', 'h', 'c4ca4238a0b923820dcc509a6f75849b', 'cachier', ''),
(16, 'sdfgweg', 'p', '83878c91171338902e0fe0fb97a8c47a', 'cachier', '');

-- --------------------------------------------------------

--
-- Table structure for table `c21_work_shifts`
--

CREATE TABLE `c21_work_shifts` (
  `id` int(11) NOT NULL,
  `date` date NOT NULL,
  `start_time` time NOT NULL,
  `end_time` time NOT NULL,
  `notes` text NOT NULL,
  `closed` tinyint(4) NOT NULL DEFAULT '0',
  `username` varchar(20) NOT NULL
) ENGINE=InnoDB DEFAULT CHARSET=utf8;

--
-- Dumping data for table `c21_work_shifts`
--

INSERT INTO `c21_work_shifts` (`id`, `date`, `start_time`, `end_time`, `notes`, `closed`, `username`) VALUES
(1, '2017-04-25', '22:36:58', '12:40:26', '', 1, '1'),
(2, '2017-05-10', '12:40:53', '00:00:00', '', 0, '1'),
(3, '2017-05-25', '14:49:00', '14:52:20', '', 1, '1'),
(4, '2017-05-25', '14:52:25', '15:26:41', '', 1, '1'),
(5, '2017-05-31', '23:42:30', '00:00:00', '', 0, '1');

--
-- Indexes for dumped tables
--

--
-- Indexes for table `c21_categories`
--
ALTER TABLE `c21_categories`
  ADD PRIMARY KEY (`id`);

--
-- Indexes for table `c21_ci_sessions`
--
ALTER TABLE `c21_ci_sessions`
  ADD KEY `ci_sessions_timestamp` (`timestamp`);

--
-- Indexes for table `c21_customers`
--
ALTER TABLE `c21_customers`
  ADD PRIMARY KEY (`id`);

--
-- Indexes for table `c21_customers_sections`
--
ALTER TABLE `c21_customers_sections`
  ADD PRIMARY KEY (`id`);

--
-- Indexes for table `c21_deffered_stock_items`
--
ALTER TABLE `c21_deffered_stock_items`
  ADD PRIMARY KEY (`id`);

--
-- Indexes for table `c21_finances_moneycase`
--
ALTER TABLE `c21_finances_moneycase`
  ADD PRIMARY KEY (`id`);

--
-- Indexes for table `c21_finances_shifts`
--
ALTER TABLE `c21_finances_shifts`
  ADD PRIMARY KEY (`id`);

--
-- Indexes for table `c21_items`
--
ALTER TABLE `c21_items`
  ADD PRIMARY KEY (`id`);

--
-- Indexes for table `c21_items_categories`
--
ALTER TABLE `c21_items_categories`
  ADD PRIMARY KEY (`id`);

--
-- Indexes for table `c21_items_units`
--
ALTER TABLE `c21_items_units`
  ADD PRIMARY KEY (`id`);

--
-- Indexes for table `c21_orders`
--
ALTER TABLE `c21_orders`
  ADD PRIMARY KEY (`id`);

--
-- Indexes for table `c21_order_details`
--
ALTER TABLE `c21_order_details`
  ADD PRIMARY KEY (`id`),
  ADD KEY `order_idz` (`order_id`);

--
-- Indexes for table `c21_order_details_summery`
--
ALTER TABLE `c21_order_details_summery`
  ADD PRIMARY KEY (`id`),
  ADD KEY `order_idz` (`order_id`);

--
-- Indexes for table `c21_order_types`
--
ALTER TABLE `c21_order_types`
  ADD PRIMARY KEY (`id`);

--
-- Indexes for table `c21_products`
--
ALTER TABLE `c21_products`
  ADD PRIMARY KEY (`id`),
  ADD KEY `category` (`cat_id`);

--
-- Indexes for table `c21_products_items`
--
ALTER TABLE `c21_products_items`
  ADD PRIMARY KEY (`id`);

--
-- Indexes for table `c21_sessions`
--
ALTER TABLE `c21_sessions`
  ADD PRIMARY KEY (`session_id`),
  ADD KEY `last_activity_idx` (`last_activity`);

--
-- Indexes for table `c21_settings`
--
ALTER TABLE `c21_settings`
  ADD PRIMARY KEY (`id`);

--
-- Indexes for table `c21_settings_groups`
--
ALTER TABLE `c21_settings_groups`
  ADD PRIMARY KEY (`id`);

--
-- Indexes for table `c21_stocks`
--
ALTER TABLE `c21_stocks`
  ADD PRIMARY KEY (`id`);

--
-- Indexes for table `c21_stocks_transactions`
--
ALTER TABLE `c21_stocks_transactions`
  ADD PRIMARY KEY (`id`);

--
-- Indexes for table `c21_stocks_transactions_types`
--
ALTER TABLE `c21_stocks_transactions_types`
  ADD PRIMARY KEY (`id`);

--
-- Indexes for table `c21_stock_items`
--
ALTER TABLE `c21_stock_items`
  ADD PRIMARY KEY (`id`);

--
-- Indexes for table `c21_users`
--
ALTER TABLE `c21_users`
  ADD PRIMARY KEY (`id`);

--
-- Indexes for table `c21_work_shifts`
--
ALTER TABLE `c21_work_shifts`
  ADD PRIMARY KEY (`id`);

--
-- AUTO_INCREMENT for dumped tables
--

--
-- AUTO_INCREMENT for table `c21_categories`
--
ALTER TABLE `c21_categories`
  MODIFY `id` int(11) NOT NULL AUTO_INCREMENT, AUTO_INCREMENT=22;
--
-- AUTO_INCREMENT for table `c21_customers`
--
ALTER TABLE `c21_customers`
  MODIFY `id` int(11) NOT NULL AUTO_INCREMENT, AUTO_INCREMENT=137;
--
-- AUTO_INCREMENT for table `c21_customers_sections`
--
ALTER TABLE `c21_customers_sections`
  MODIFY `id` int(11) NOT NULL AUTO_INCREMENT, AUTO_INCREMENT=5;
--
-- AUTO_INCREMENT for table `c21_deffered_stock_items`
--
ALTER TABLE `c21_deffered_stock_items`
  MODIFY `id` int(11) NOT NULL AUTO_INCREMENT, AUTO_INCREMENT=344;
--
-- AUTO_INCREMENT for table `c21_finances_moneycase`
--
ALTER TABLE `c21_finances_moneycase`
  MODIFY `id` int(11) NOT NULL AUTO_INCREMENT, AUTO_INCREMENT=97;
--
-- AUTO_INCREMENT for table `c21_finances_shifts`
--
ALTER TABLE `c21_finances_shifts`
  MODIFY `id` int(11) NOT NULL AUTO_INCREMENT, AUTO_INCREMENT=64;
--
-- AUTO_INCREMENT for table `c21_items`
--
ALTER TABLE `c21_items`
  MODIFY `id` int(11) NOT NULL AUTO_INCREMENT, AUTO_INCREMENT=48;
--
-- AUTO_INCREMENT for table `c21_items_categories`
--
ALTER TABLE `c21_items_categories`
  MODIFY `id` int(11) NOT NULL AUTO_INCREMENT, AUTO_INCREMENT=311;
--
-- AUTO_INCREMENT for table `c21_items_units`
--
ALTER TABLE `c21_items_units`
  MODIFY `id` int(11) NOT NULL AUTO_INCREMENT, AUTO_INCREMENT=4;
--
-- AUTO_INCREMENT for table `c21_orders`
--
ALTER TABLE `c21_orders`
  MODIFY `id` int(11) NOT NULL AUTO_INCREMENT, AUTO_INCREMENT=55;
--
-- AUTO_INCREMENT for table `c21_order_details`
--
ALTER TABLE `c21_order_details`
  MODIFY `id` int(11) NOT NULL AUTO_INCREMENT, AUTO_INCREMENT=485;
--
-- AUTO_INCREMENT for table `c21_order_details_summery`
--
ALTER TABLE `c21_order_details_summery`
  MODIFY `id` int(11) NOT NULL AUTO_INCREMENT;
--
-- AUTO_INCREMENT for table `c21_order_types`
--
ALTER TABLE `c21_order_types`
  MODIFY `id` int(11) NOT NULL AUTO_INCREMENT, AUTO_INCREMENT=4;
--
-- AUTO_INCREMENT for table `c21_products`
--
ALTER TABLE `c21_products`
  MODIFY `id` int(11) NOT NULL AUTO_INCREMENT, AUTO_INCREMENT=181;
--
-- AUTO_INCREMENT for table `c21_products_items`
--
ALTER TABLE `c21_products_items`
  MODIFY `id` int(11) NOT NULL AUTO_INCREMENT, AUTO_INCREMENT=98;
--
-- AUTO_INCREMENT for table `c21_settings`
--
ALTER TABLE `c21_settings`
  MODIFY `id` int(11) NOT NULL AUTO_INCREMENT, AUTO_INCREMENT=7;
--
-- AUTO_INCREMENT for table `c21_settings_groups`
--
ALTER TABLE `c21_settings_groups`
  MODIFY `id` int(11) NOT NULL AUTO_INCREMENT, AUTO_INCREMENT=4;
--
-- AUTO_INCREMENT for table `c21_stocks`
--
ALTER TABLE `c21_stocks`
  MODIFY `id` int(11) NOT NULL AUTO_INCREMENT, AUTO_INCREMENT=3;
--
-- AUTO_INCREMENT for table `c21_stocks_transactions`
--
ALTER TABLE `c21_stocks_transactions`
  MODIFY `id` int(11) NOT NULL AUTO_INCREMENT;
--
-- AUTO_INCREMENT for table `c21_stocks_transactions_types`
--
ALTER TABLE `c21_stocks_transactions_types`
  MODIFY `id` int(11) NOT NULL AUTO_INCREMENT, AUTO_INCREMENT=4;
--
-- AUTO_INCREMENT for table `c21_stock_items`
--
ALTER TABLE `c21_stock_items`
  MODIFY `id` int(11) NOT NULL AUTO_INCREMENT, AUTO_INCREMENT=52;
--
-- AUTO_INCREMENT for table `c21_users`
--
ALTER TABLE `c21_users`
  MODIFY `id` int(11) NOT NULL AUTO_INCREMENT, AUTO_INCREMENT=17;
--
-- AUTO_INCREMENT for table `c21_work_shifts`
--
ALTER TABLE `c21_work_shifts`
  MODIFY `id` int(11) NOT NULL AUTO_INCREMENT, AUTO_INCREMENT=6;
/*!40101 SET CHARACTER_SET_CLIENT=@OLD_CHARACTER_SET_CLIENT */;
/*!40101 SET CHARACTER_SET_RESULTS=@OLD_CHARACTER_SET_RESULTS */;
/*!40101 SET COLLATION_CONNECTION=@OLD_COLLATION_CONNECTION */;
